date_range,landing_page_plus_query_string,landing_page_plus_query_string_original,normalized_page_url,normalized_page_path,sessions,engaged_sessions,conversions
last_28_days,https://international-surrogacy.com/,/,https://international-surrogacy.com/,/,446.0,199.0,26.0
last_28_days,https://international-surrogacy.com/blog/cristiano-ronaldo-296,/blog/cristiano-ronaldo-296,https://international-surrogacy.com/blog/cristiano-ronaldo-296,/blog/cristiano-ronaldo-296,164.0,74.0,0.0
last_28_days,https://international-surrogacy.com/blog/cameron-diaz-and-benji-madden,/blog/cameron-diaz-and-benji-madden,https://international-surrogacy.com/blog/cameron-diaz-and-benji-madden,/blog/cameron-diaz-and-benji-madden,113.0,38.0,0.0
last_28_days,https://international-surrogacy.com/blog/priyanka-chopra-chooses-surrogacy,/blog/priyanka-chopra-chooses-surrogacy,https://international-surrogacy.com/blog/priyanka-chopra-chooses-surrogacy,/blog/priyanka-chopra-chooses-surrogacy,112.0,35.0,0.0
last_28_days,https://international-surrogacy.com/blog/egg-retrieval-after-hysterectomy,/blog/egg-retrieval-after-hysterectomy,https://international-surrogacy.com/blog/egg-retrieval-after-hysterectomy,/blog/egg-retrieval-after-hysterectomy,74.0,38.0,0.0
last_28_days,(not set),(not set),,,68.0,2.0,0.0
last_28_days,https://international-surrogacy.com/blog/emma-weymouth,/blog/emma-weymouth,https://international-surrogacy.com/blog/emma-weymouth,/blog/emma-weymouth,59.0,29.0,0.0
last_28_days,https://international-surrogacy.com/blog/through-surrogacy-ricky-martin,/blog/through-surrogacy-ricky-martin,https://international-surrogacy.com/blog/through-surrogacy-ricky-martin,/blog/through-surrogacy-ricky-martin,46.0,13.0,0.0
last_28_days,https://international-surrogacy.com/deutsch,/deutsch,https://international-surrogacy.com/deutsch,/deutsch,45.0,29.0,5.0
last_28_days,https://international-surrogacy.com/blog/understanding-the-benefits-of-surrogacy,/blog/understanding-the-benefits-of-surrogacy,https://international-surrogacy.com/blog/understanding-the-benefits-of-surrogacy,/blog/understanding-the-benefits-of-surrogacy,42.0,5.0,0.0
last_28_days,https://international-surrogacy.com/surrogacy-single-men,/surrogacy-single-men,https://international-surrogacy.com/surrogacy-single-men,/surrogacy-single-men,35.0,27.0,7.0
last_28_days,https://international-surrogacy.com/blog/nicole-kidman-and-keith-urban,/blog/nicole-kidman-and-keith-urban,https://international-surrogacy.com/blog/nicole-kidman-and-keith-urban,/blog/nicole-kidman-and-keith-urban,32.0,23.0,0.0
last_28_days,https://international-surrogacy.com/blog/two-sons,/blog/two-sons,https://international-surrogacy.com/blog/two-sons,/blog/two-sons,29.0,9.0,0.0
last_28_days,https://international-surrogacy.com/blog/why-did-paris-hilton-use-a-surrogate,/blog/why-did-paris-hilton-use-a-surrogate,https://international-surrogacy.com/blog/why-did-paris-hilton-use-a-surrogate,/blog/why-did-paris-hilton-use-a-surrogate,21.0,11.0,0.0
last_28_days,https://international-surrogacy.com/blog/a-story-of-love-and-family,/blog/a-story-of-love-and-family,https://international-surrogacy.com/blog/a-story-of-love-and-family,/blog/a-story-of-love-and-family,17.0,9.0,0.0
last_28_days,https://international-surrogacy.com/cost-of-surrogacy-in-ukraine,/cost-of-surrogacy-in-ukraine,https://international-surrogacy.com/cost-of-surrogacy-in-ukraine,/cost-of-surrogacy-in-ukraine,17.0,2.0,0.0
last_28_days,https://international-surrogacy.com/blog/surrogacy-agency-risks-lessons,/blog/surrogacy-agency-risks-lessons,https://international-surrogacy.com/blog/surrogacy-agency-risks-lessons,/blog/surrogacy-agency-risks-lessons,16.0,7.0,2.0
last_28_days,https://international-surrogacy.com/us,/us,https://international-surrogacy.com/us,/us,15.0,12.0,3.0
last_28_days,https://international-surrogacy.com/blog,/blog,https://international-surrogacy.com/blog,/blog,14.0,10.0,0.0
last_28_days,https://international-surrogacy.com/blog/artificial-activization-with-calcium-ionophore,/blog/artificial-activization-with-calcium-ionophore,https://international-surrogacy.com/blog/artificial-activization-with-calcium-ionophore,/blog/artificial-activization-with-calcium-ionophore,14.0,10.0,0.0
last_28_days,https://international-surrogacy.com/blog/michelle-buteau-encouraged-surrogacy,/blog/michelle-buteau-encouraged-surrogacy,https://international-surrogacy.com/blog/michelle-buteau-encouraged-surrogacy,/blog/michelle-buteau-encouraged-surrogacy,14.0,4.0,0.0
last_28_days,https://international-surrogacy.com/blog/can-blood-type-affect-your-surrogacy-journey-what-you-need-to-know,/blog/can-blood-type-affect-your-surrogacy-journey-what-you-need-to-know,https://international-surrogacy.com/blog/can-blood-type-affect-your-surrogacy-journey-what-you-need-to-know,/blog/can-blood-type-affect-your-surrogacy-journey-what-you-need-to-know,12.0,7.0,0.0
last_28_days,https://international-surrogacy.com/blog/surrogacy-in-ghana-for-single-men,/blog/surrogacy-in-ghana-for-single-men,https://international-surrogacy.com/blog/surrogacy-in-ghana-for-single-men,/blog/surrogacy-in-ghana-for-single-men,11.0,5.0,0.0
last_28_days,https://international-surrogacy.com/blog/ukraine-surrogacy-cost-breakdown-2026,/blog/ukraine-surrogacy-cost-breakdown-2026,https://international-surrogacy.com/blog/ukraine-surrogacy-cost-breakdown-2026,/blog/ukraine-surrogacy-cost-breakdown-2026,11.0,6.0,0.0
last_28_days,https://international-surrogacy.com/how-it-works,/how-it-works,https://international-surrogacy.com/how-it-works,/how-it-works,11.0,5.0,0.0
last_28_days,https://international-surrogacy.com/surrogacy,/surrogacy,https://international-surrogacy.com/surrogacy,/surrogacy,11.0,3.0,0.0
last_28_days,https://international-surrogacy.com/blog/ellen-kathleen-pompeo,/blog/ellen-kathleen-pompeo,https://international-surrogacy.com/blog/ellen-kathleen-pompeo,/blog/ellen-kathleen-pompeo,10.0,5.0,0.0
last_28_days,https://international-surrogacy.com/blog/traveling-to-ukraine-for-surrogacy,/blog/traveling-to-ukraine-for-surrogacy,https://international-surrogacy.com/blog/traveling-to-ukraine-for-surrogacy,/blog/traveling-to-ukraine-for-surrogacy,10.0,5.0,2.0
last_28_days,https://international-surrogacy.com/blog/cristiano-ronaldo-296?_x_tr_sl=en&_x_tr_tl=es&_x_tr_hl=es&_x_tr_pto=rq,/blog/cristiano-ronaldo-296?_x_tr_sl=en&_x_tr_tl=es&_x_tr_hl=es&_x_tr_pto=rq,https://international-surrogacy.com/blog/cristiano-ronaldo-296,/blog/cristiano-ronaldo-296,9.0,5.0,0.0
last_28_days,https://international-surrogacy.com/blog/delivering-dreams-surrogacy-media-coverage,/blog/delivering-dreams-surrogacy-media-coverage,https://international-surrogacy.com/blog/delivering-dreams-surrogacy-media-coverage,/blog/delivering-dreams-surrogacy-media-coverage,9.0,4.0,0.0
last_28_days,https://international-surrogacy.com/calculator-page,/calculator-page,https://international-surrogacy.com/calculator-page,/calculator-page,9.0,5.0,0.0
last_28_days,https://international-surrogacy.com/success-stories/reviews-of-ukraine,/success-stories/reviews-of-ukraine,https://international-surrogacy.com/success-stories/reviews-of-ukraine,/success-stories/reviews-of-ukraine,9.0,7.0,7.0
last_28_days,https://international-surrogacy.com/blog/kristen-wiig,/blog/kristen-wiig,https://international-surrogacy.com/blog/kristen-wiig,/blog/kristen-wiig,8.0,2.0,0.0
last_28_days,https://international-surrogacy.com/blog/michelle-buteau,/blog/michelle-buteau,https://international-surrogacy.com/blog/michelle-buteau,/blog/michelle-buteau,8.0,3.0,0.0
last_28_days,https://international-surrogacy.com/blog/when-to-stop-ivf-and-consider-surrogacy,/blog/when-to-stop-ivf-and-consider-surrogacy,https://international-surrogacy.com/blog/when-to-stop-ivf-and-consider-surrogacy,/blog/when-to-stop-ivf-and-consider-surrogacy,8.0,4.0,0.0
last_28_days,https://international-surrogacy.com/blog/where-is-surrogacy-legal-in-europe,/blog/where-is-surrogacy-legal-in-europe,https://international-surrogacy.com/blog/where-is-surrogacy-legal-in-europe,/blog/where-is-surrogacy-legal-in-europe,8.0,5.0,0.0
last_28_days,https://international-surrogacy.com/guarantees,/guarantees,https://international-surrogacy.com/guarantees,/guarantees,8.0,3.0,0.0
last_28_days,https://international-surrogacy.com/success-stories,/success-stories,https://international-surrogacy.com/success-stories,/success-stories,8.0,3.0,0.0
last_28_days,https://international-surrogacy.com/us/surrogacy-law-in-ukraine,/us/surrogacy-law-in-ukraine,https://international-surrogacy.com/us/surrogacy-law-in-ukraine,/us/surrogacy-law-in-ukraine,8.0,5.0,0.0
last_28_days,https://international-surrogacy.com/best-surrogacy-agency-in-ukraine,/best-surrogacy-agency-in-ukraine,https://international-surrogacy.com/best-surrogacy-agency-in-ukraine,/best-surrogacy-agency-in-ukraine,7.0,4.0,1.0
last_28_days,https://international-surrogacy.com/blog/the-history-of-surrogacy-from-ancient-times-to-modern-practices,/blog/the-history-of-surrogacy-from-ancient-times-to-modern-practices,https://international-surrogacy.com/blog/the-history-of-surrogacy-from-ancient-times-to-modern-practices,/blog/the-history-of-surrogacy-from-ancient-times-to-modern-practices,7.0,3.0,0.0
last_28_days,https://international-surrogacy.com/book-a-meeting,/book-a-meeting,https://international-surrogacy.com/book-a-meeting,/book-a-meeting,7.0,5.0,2.0
last_28_days,https://international-surrogacy.com/surrogacy-cost-calculator,/surrogacy-cost-calculator,https://international-surrogacy.com/surrogacy-cost-calculator,/surrogacy-cost-calculator,7.0,3.0,0.0
last_28_days,https://international-surrogacy.com/blog/surrogacy-and-ivf-in-islam,/blog/surrogacy-and-ivf-in-islam,https://international-surrogacy.com/blog/surrogacy-and-ivf-in-islam,/blog/surrogacy-and-ivf-in-islam,6.0,3.0,0.0
last_28_days,https://international-surrogacy.com/blog/surrogacy-for-uterine-factor-infertility,/blog/surrogacy-for-uterine-factor-infertility,https://international-surrogacy.com/blog/surrogacy-for-uterine-factor-infertility,/blog/surrogacy-for-uterine-factor-infertility,6.0,2.0,0.0
last_28_days,https://international-surrogacy.com/blog/ukraine-vs-georgia-surrogacy-exit-risks,/blog/ukraine-vs-georgia-surrogacy-exit-risks,https://international-surrogacy.com/blog/ukraine-vs-georgia-surrogacy-exit-risks,/blog/ukraine-vs-georgia-surrogacy-exit-risks,6.0,2.0,0.0
last_28_days,https://international-surrogacy.com/donor-database,/donor-database,https://international-surrogacy.com/donor-database,/donor-database,6.0,1.0,0.0
last_28_days,https://international-surrogacy.com/surrogacy-ukraine-price,/surrogacy-ukraine-price,https://international-surrogacy.com/surrogacy-ukraine-price,/surrogacy-ukraine-price,6.0,1.0,0.0
last_28_days,https://international-surrogacy.com/blog/age-limits-for-surrogacy,/blog/age-limits-for-surrogacy,https://international-surrogacy.com/blog/age-limits-for-surrogacy,/blog/age-limits-for-surrogacy,5.0,1.0,0.0
last_28_days,https://international-surrogacy.com/blog/cheapest-surrogacy-in-usa,/blog/cheapest-surrogacy-in-usa,https://international-surrogacy.com/blog/cheapest-surrogacy-in-usa,/blog/cheapest-surrogacy-in-usa,5.0,2.0,0.0
last_28_days,https://international-surrogacy.com/blog/cristiano-ronaldo-296?_x_tr_sl=en&_x_tr_tl=de&_x_tr_hl=de&_x_tr_pto=rq,/blog/cristiano-ronaldo-296?_x_tr_sl=en&_x_tr_tl=de&_x_tr_hl=de&_x_tr_pto=rq,https://international-surrogacy.com/blog/cristiano-ronaldo-296,/blog/cristiano-ronaldo-296,5.0,2.0,0.0
last_28_days,https://international-surrogacy.com/blog/cristiano-ronaldo-296?_x_tr_sl=en&_x_tr_tl=pt&_x_tr_hl=pt&_x_tr_pto=sge,/blog/cristiano-ronaldo-296?_x_tr_sl=en&_x_tr_tl=pt&_x_tr_hl=pt&_x_tr_pto=sge,https://international-surrogacy.com/blog/cristiano-ronaldo-296,/blog/cristiano-ronaldo-296,5.0,3.0,1.0
last_28_days,https://international-surrogacy.com/blog/ethical-considerations-in-surrogacy,/blog/ethical-considerations-in-surrogacy,https://international-surrogacy.com/blog/ethical-considerations-in-surrogacy,/blog/ethical-considerations-in-surrogacy,5.0,3.0,0.0
last_28_days,https://international-surrogacy.com/blog/jimmy-fallon,/blog/jimmy-fallon,https://international-surrogacy.com/blog/jimmy-fallon,/blog/jimmy-fallon,5.0,3.0,0.0
last_28_days,https://international-surrogacy.com/blog/key-supplements-to-enhance-female-fertility,/blog/key-supplements-to-enhance-female-fertility,https://international-surrogacy.com/blog/key-supplements-to-enhance-female-fertility,/blog/key-supplements-to-enhance-female-fertility,5.0,2.0,1.0
last_28_days,https://international-surrogacy.com/blog/top-5-tv-shows-exploring-surrogacy,/blog/top-5-tv-shows-exploring-surrogacy,https://international-surrogacy.com/blog/top-5-tv-shows-exploring-surrogacy,/blog/top-5-tv-shows-exploring-surrogacy,5.0,2.0,0.0
last_28_days,https://international-surrogacy.com/blog/vs-single-embryo-transfers,/blog/vs-single-embryo-transfers,https://international-surrogacy.com/blog/vs-single-embryo-transfers,/blog/vs-single-embryo-transfers,5.0,3.0,0.0
last_28_days,https://international-surrogacy.com/blog/will-my-baby-look-like-me-using-donor-eggs,/blog/will-my-baby-look-like-me-using-donor-eggs,https://international-surrogacy.com/blog/will-my-baby-look-like-me-using-donor-eggs,/blog/will-my-baby-look-like-me-using-donor-eggs,5.0,2.0,0.0
last_28_days,,,,,4.0,0.0,0.0
last_28_days,https://international-surrogacy.com/blog/breastfeeding-and-surrogacy,/blog/breastfeeding-and-surrogacy,https://international-surrogacy.com/blog/breastfeeding-and-surrogacy,/blog/breastfeeding-and-surrogacy,4.0,1.0,0.0
last_28_days,https://international-surrogacy.com/blog/cristiano-ronaldo-296?_x_tr_sl=en&_x_tr_tl=tr&_x_tr_hl=tr&_x_tr_pto=rq,/blog/cristiano-ronaldo-296?_x_tr_sl=en&_x_tr_tl=tr&_x_tr_hl=tr&_x_tr_pto=rq,https://international-surrogacy.com/blog/cristiano-ronaldo-296,/blog/cristiano-ronaldo-296,4.0,4.0,0.0
last_28_days,https://international-surrogacy.com/blog/how-to-select-the-best-embryo-unraveling-the-intricacies-of-ivf-embryo-grading,/blog/how-to-select-the-best-embryo-unraveling-the-intricacies-of-ivf-embryo-grading,https://international-surrogacy.com/blog/how-to-select-the-best-embryo-unraveling-the-intricacies-of-ivf-embryo-grading,/blog/how-to-select-the-best-embryo-unraveling-the-intricacies-of-ivf-embryo-grading,4.0,1.0,2.0
last_28_days,https://international-surrogacy.com/blog/surrogacy-market-outlook-2026,/blog/surrogacy-market-outlook-2026,https://international-surrogacy.com/blog/surrogacy-market-outlook-2026,/blog/surrogacy-market-outlook-2026,4.0,2.0,0.0
last_28_days,https://international-surrogacy.com/blog/what-are-your-infertility-options-today,/blog/what-are-your-infertility-options-today,https://international-surrogacy.com/blog/what-are-your-infertility-options-today,/blog/what-are-your-infertility-options-today,4.0,1.0,0.0
last_28_days,https://international-surrogacy.com/blog/why-are-women-so-mean-to-infertile-women,/blog/why-are-women-so-mean-to-infertile-women,https://international-surrogacy.com/blog/why-are-women-so-mean-to-infertile-women,/blog/why-are-women-so-mean-to-infertile-women,4.0,3.0,0.0
last_28_days,https://international-surrogacy.com/success-stories/testimonials,/success-stories/testimonials,https://international-surrogacy.com/success-stories/testimonials,/success-stories/testimonials,4.0,1.0,0.0
last_28_days,https://international-surrogacy.com/15-months-from-infertility-to-delivery,/15-months-from-infertility-to-delivery,https://international-surrogacy.com/15-months-from-infertility-to-delivery,/15-months-from-infertility-to-delivery,3.0,2.0,0.0
last_28_days,https://international-surrogacy.com/blog/blastocyst-grading-basics,/blog/blastocyst-grading-basics,https://international-surrogacy.com/blog/blastocyst-grading-basics,/blog/blastocyst-grading-basics,3.0,2.0,0.0
last_28_days,https://international-surrogacy.com/blog/cristiano-ronaldo-296?_x_tr_sl=en&_x_tr_tl=es&_x_tr_hl=es&_x_tr_pto=sge,/blog/cristiano-ronaldo-296?_x_tr_sl=en&_x_tr_tl=es&_x_tr_hl=es&_x_tr_pto=sge,https://international-surrogacy.com/blog/cristiano-ronaldo-296,/blog/cristiano-ronaldo-296,3.0,1.0,0.0
last_28_days,https://international-surrogacy.com/blog/cristiano-ronaldo-296?_x_tr_sl=en&_x_tr_tl=es&_x_tr_hl=es&_x_tr_pto=tc,/blog/cristiano-ronaldo-296?_x_tr_sl=en&_x_tr_tl=es&_x_tr_hl=es&_x_tr_pto=tc,https://international-surrogacy.com/blog/cristiano-ronaldo-296,/blog/cristiano-ronaldo-296,3.0,2.0,0.0
last_28_days,https://international-surrogacy.com/blog/desperate-for-assistance,/blog/desperate-for-assistance,https://international-surrogacy.com/blog/desperate-for-assistance,/blog/desperate-for-assistance,3.0,2.0,1.0
last_28_days,https://international-surrogacy.com/blog/embryo-transportation,/blog/embryo-transportation,https://international-surrogacy.com/blog/embryo-transportation,/blog/embryo-transportation,3.0,1.0,0.0
last_28_days,https://international-surrogacy.com/blog/fredrik-eklund,/blog/fredrik-eklund,https://international-surrogacy.com/blog/fredrik-eklund,/blog/fredrik-eklund,3.0,1.0,0.0
last_28_days,https://international-surrogacy.com/blog/genetic-connections-of-a-child-in-a-surrogacy-program,/blog/genetic-connections-of-a-child-in-a-surrogacy-program,https://international-surrogacy.com/blog/genetic-connections-of-a-child-in-a-surrogacy-program,/blog/genetic-connections-of-a-child-in-a-surrogacy-program,3.0,1.0,1.0
last_28_days,https://international-surrogacy.com/blog/lucy-liu-opens-up-about-her-journey-to-motherhood-via-a-surrogate,/blog/lucy-liu-opens-up-about-her-journey-to-motherhood-via-a-surrogate,https://international-surrogacy.com/blog/lucy-liu-opens-up-about-her-journey-to-motherhood-via-a-surrogate,/blog/lucy-liu-opens-up-about-her-journey-to-motherhood-via-a-surrogate,3.0,1.0,0.0
last_28_days,https://international-surrogacy.com/blog/neil-patrick-harris,/blog/neil-patrick-harris,https://international-surrogacy.com/blog/neil-patrick-harris,/blog/neil-patrick-harris,3.0,2.0,0.0
last_28_days,https://international-surrogacy.com/blog/ryan-murphy-become-a-father,/blog/ryan-murphy-become-a-father,https://international-surrogacy.com/blog/ryan-murphy-become-a-father,/blog/ryan-murphy-become-a-father,3.0,1.0,0.0
last_28_days,https://international-surrogacy.com/blog/single-father-surrogacy-ghana,/blog/single-father-surrogacy-ghana,https://international-surrogacy.com/blog/single-father-surrogacy-ghana,/blog/single-father-surrogacy-ghana,3.0,1.0,0.0
last_28_days,https://international-surrogacy.com/blog/tamron-hall-shares,/blog/tamron-hall-shares,https://international-surrogacy.com/blog/tamron-hall-shares,/blog/tamron-hall-shares,3.0,2.0,0.0
last_28_days,https://international-surrogacy.com/book-your-surrogacy-call,/book-your-surrogacy-call,https://international-surrogacy.com/book-your-surrogacy-call,/book-your-surrogacy-call,3.0,3.0,3.0
last_28_days,https://international-surrogacy.com/faq,/faq,https://international-surrogacy.com/faq,/faq,3.0,0.0,0.0
last_28_days,https://international-surrogacy.com/search-results-page?view=results&word=QmlydGg,/search-results-page?view=results&word=QmlydGg,https://international-surrogacy.com/search-results-page,/search-results-page,3.0,1.0,0.0
last_28_days,https://international-surrogacy.com/beratung-buchen,/beratung-buchen,https://international-surrogacy.com/beratung-buchen,/beratung-buchen,2.0,1.0,1.0
last_28_days,https://international-surrogacy.com/blog/5-questions-about-ivf,/blog/5-questions-about-ivf,https://international-surrogacy.com/blog/5-questions-about-ivf,/blog/5-questions-about-ivf,2.0,1.0,0.0
last_28_days,https://international-surrogacy.com/blog/affordable-egg-donation,/blog/affordable-egg-donation,https://international-surrogacy.com/blog/affordable-egg-donation,/blog/affordable-egg-donation,2.0,0.0,0.0
last_28_days,https://international-surrogacy.com/blog/after-35-years,/blog/after-35-years,https://international-surrogacy.com/blog/after-35-years,/blog/after-35-years,2.0,0.0,0.0
last_28_days,https://international-surrogacy.com/blog/amy-smart-carter-oosterhouse,/blog/amy-smart-carter-oosterhouse,https://international-surrogacy.com/blog/amy-smart-carter-oosterhouse,/blog/amy-smart-carter-oosterhouse,2.0,1.0,0.0
last_28_days,https://international-surrogacy.com/blog/anderson-cooper-announces-he-is-a-father,/blog/anderson-cooper-announces-he-is-a-father,https://international-surrogacy.com/blog/anderson-cooper-announces-he-is-a-father,/blog/anderson-cooper-announces-he-is-a-father,2.0,1.0,0.0
last_28_days,https://international-surrogacy.com/blog/anderson-hays-cooper,/blog/anderson-hays-cooper,https://international-surrogacy.com/blog/anderson-hays-cooper,/blog/anderson-hays-cooper,2.0,1.0,0.0
last_28_days,https://international-surrogacy.com/blog/baby-names-that-mean-love,/blog/baby-names-that-mean-love,https://international-surrogacy.com/blog/baby-names-that-mean-love,/blog/baby-names-that-mean-love,2.0,1.0,0.0
last_28_days,https://international-surrogacy.com/blog/being-a-surrogate-for-a-family-member,/blog/being-a-surrogate-for-a-family-member,https://international-surrogacy.com/blog/being-a-surrogate-for-a-family-member,/blog/being-a-surrogate-for-a-family-member,2.0,1.0,0.0
last_28_days,https://international-surrogacy.com/blog/cristiano-ronaldo-296?_x_tr_sl=en&_x_tr_tl=fr&_x_tr_hl=fr&_x_tr_pto=rq,/blog/cristiano-ronaldo-296?_x_tr_sl=en&_x_tr_tl=fr&_x_tr_hl=fr&_x_tr_pto=rq,https://international-surrogacy.com/blog/cristiano-ronaldo-296,/blog/cristiano-ronaldo-296,2.0,1.0,0.0
last_28_days,https://international-surrogacy.com/blog/cristiano-ronaldo-296?_x_tr_sl=en&_x_tr_tl=sv&_x_tr_hl=sv&_x_tr_pto=rq,/blog/cristiano-ronaldo-296?_x_tr_sl=en&_x_tr_tl=sv&_x_tr_hl=sv&_x_tr_pto=rq,https://international-surrogacy.com/blog/cristiano-ronaldo-296,/blog/cristiano-ronaldo-296,2.0,0.0,0.0
last_28_days,https://international-surrogacy.com/blog/do-surrogate-mothers-have-parental-rights,/blog/do-surrogate-mothers-have-parental-rights,https://international-surrogacy.com/blog/do-surrogate-mothers-have-parental-rights,/blog/do-surrogate-mothers-have-parental-rights,2.0,1.0,0.0
last_28_days,https://international-surrogacy.com/blog/facts-about-surrogacy,/blog/facts-about-surrogacy,https://international-surrogacy.com/blog/facts-about-surrogacy,/blog/facts-about-surrogacy,2.0,1.0,0.0
last_28_days,https://international-surrogacy.com/blog/female-infertility,/blog/female-infertility,https://international-surrogacy.com/blog/female-infertility,/blog/female-infertility,2.0,1.0,4.0
last_28_days,https://international-surrogacy.com/blog/from-angelina-jolie-to-neil-patrick-harris-celebrities-who-chose-surrogacy,/blog/from-angelina-jolie-to-neil-patrick-harris-celebrities-who-chose-surrogacy,https://international-surrogacy.com/blog/from-angelina-jolie-to-neil-patrick-harris-celebrities-who-chose-surrogacy,/blog/from-angelina-jolie-to-neil-patrick-harris-celebrities-who-chose-surrogacy,2.0,1.0,0.0
last_28_days,https://international-surrogacy.com/blog/frozen-vr-fresh,/blog/frozen-vr-fresh,https://international-surrogacy.com/blog/frozen-vr-fresh,/blog/frozen-vr-fresh,2.0,0.0,0.0
last_28_days,https://international-surrogacy.com/blog/gender-selection-myths-science-and-you,/blog/gender-selection-myths-science-and-you,https://international-surrogacy.com/blog/gender-selection-myths-science-and-you,/blog/gender-selection-myths-science-and-you,2.0,2.0,0.0
last_28_days,https://international-surrogacy.com/blog/gestational-surrogacy-guide,/blog/gestational-surrogacy-guide,https://international-surrogacy.com/blog/gestational-surrogacy-guide,/blog/gestational-surrogacy-guide,2.0,0.0,0.0
last_28_days,https://international-surrogacy.com/blog/her-body-my-baby,/blog/her-body-my-baby,https://international-surrogacy.com/blog/her-body-my-baby,/blog/her-body-my-baby,2.0,1.0,0.0
last_28_days,https://international-surrogacy.com/blog/here-s-everything-lgbt,/blog/here-s-everything-lgbt,https://international-surrogacy.com/blog/here-s-everything-lgbt,/blog/here-s-everything-lgbt,2.0,1.0,0.0
last_28_days,https://international-surrogacy.com/blog/how-to-choose-the-best-agency,/blog/how-to-choose-the-best-agency,https://international-surrogacy.com/blog/how-to-choose-the-best-agency,/blog/how-to-choose-the-best-agency,2.0,0.0,0.0
last_28_days,https://international-surrogacy.com/blog/katie-lee-and-ryan-biegel,/blog/katie-lee-and-ryan-biegel,https://international-surrogacy.com/blog/katie-lee-and-ryan-biegel,/blog/katie-lee-and-ryan-biegel,2.0,1.0,0.0
last_28_days,https://international-surrogacy.com/blog/michelle-obama-s-ivf-story,/blog/michelle-obama-s-ivf-story,https://international-surrogacy.com/blog/michelle-obama-s-ivf-story,/blog/michelle-obama-s-ivf-story,2.0,1.0,0.0
last_28_days,https://international-surrogacy.com/blog/priyanka-chopra-chooses-surrogacy?_x_tr_sl=en&_x_tr_tl=hi&_x_tr_hl=hi&_x_tr_pto=sge,/blog/priyanka-chopra-chooses-surrogacy?_x_tr_sl=en&_x_tr_tl=hi&_x_tr_hl=hi&_x_tr_pto=sge,https://international-surrogacy.com/blog/priyanka-chopra-chooses-surrogacy,/blog/priyanka-chopra-chooses-surrogacy,2.0,0.0,0.0
last_28_days,https://international-surrogacy.com/blog/pronuclear-transfer,/blog/pronuclear-transfer,https://international-surrogacy.com/blog/pronuclear-transfer,/blog/pronuclear-transfer,2.0,1.0,0.0
last_28_days,https://international-surrogacy.com/blog/single-can-you-do-ivf,/blog/single-can-you-do-ivf,https://international-surrogacy.com/blog/single-can-you-do-ivf,/blog/single-can-you-do-ivf,2.0,2.0,0.0
last_28_days,https://international-surrogacy.com/blog/surrogacy-for-single-men-in-ghana,/blog/surrogacy-for-single-men-in-ghana,https://international-surrogacy.com/blog/surrogacy-for-single-men-in-ghana,/blog/surrogacy-for-single-men-in-ghana,2.0,1.0,0.0
last_28_days,https://international-surrogacy.com/blog/surrogacy-in-the-united-states-vs-ukraine-a-comparison,/blog/surrogacy-in-the-united-states-vs-ukraine-a-comparison,https://international-surrogacy.com/blog/surrogacy-in-the-united-states-vs-ukraine-a-comparison,/blog/surrogacy-in-the-united-states-vs-ukraine-a-comparison,2.0,2.0,0.0
last_28_days,https://international-surrogacy.com/blog/surrogacy-vs-adoption-what-you-need-to-know,/blog/surrogacy-vs-adoption-what-you-need-to-know,https://international-surrogacy.com/blog/surrogacy-vs-adoption-what-you-need-to-know,/blog/surrogacy-vs-adoption-what-you-need-to-know,2.0,0.0,0.0
last_28_days,https://international-surrogacy.com/blog/susan-kersch-kibler,/blog/susan-kersch-kibler,https://international-surrogacy.com/blog/susan-kersch-kibler,/blog/susan-kersch-kibler,2.0,0.0,0.0
last_28_days,https://international-surrogacy.com/blog/ukrainian-surrogacy-ensuring,/blog/ukrainian-surrogacy-ensuring,https://international-surrogacy.com/blog/ukrainian-surrogacy-ensuring,/blog/ukrainian-surrogacy-ensuring,2.0,0.0,0.0
last_28_days,https://international-surrogacy.com/blog/want-kids-after-vasectomy-ivf-and-other-choices,/blog/want-kids-after-vasectomy-ivf-and-other-choices,https://international-surrogacy.com/blog/want-kids-after-vasectomy-ivf-and-other-choices,/blog/want-kids-after-vasectomy-ivf-and-other-choices,2.0,1.0,0.0
last_28_days,https://international-surrogacy.com/blog/what-happens-when-fertility-treatments-religion-are-incompatible,/blog/what-happens-when-fertility-treatments-religion-are-incompatible,https://international-surrogacy.com/blog/what-happens-when-fertility-treatments-religion-are-incompatible,/blog/what-happens-when-fertility-treatments-religion-are-incompatible,2.0,0.0,0.0
last_28_days,https://international-surrogacy.com/blog/what-sets-us-apart-surrogate-care,/blog/what-sets-us-apart-surrogate-care,https://international-surrogacy.com/blog/what-sets-us-apart-surrogate-care,/blog/what-sets-us-apart-surrogate-care,2.0,1.0,0.0
last_28_days,https://international-surrogacy.com/blog/who-is-surrogate-mother,/blog/who-is-surrogate-mother,https://international-surrogacy.com/blog/who-is-surrogate-mother,/blog/who-is-surrogate-mother,2.0,1.0,0.0
last_28_days,https://international-surrogacy.com/blog?start=36,/blog?start=36,https://international-surrogacy.com/blog,/blog,2.0,1.0,1.0
last_28_days,https://international-surrogacy.com/blog?start=558,/blog?start=558,https://international-surrogacy.com/blog,/blog,2.0,0.0,0.0
last_28_days,https://international-surrogacy.com/mass-media-about-us,/mass-media-about-us,https://international-surrogacy.com/mass-media-about-us,/mass-media-about-us,2.0,0.0,0.0
last_28_days,https://international-surrogacy.com/privacy-policy,/privacy-policy,https://international-surrogacy.com/privacy-policy,/privacy-policy,2.0,0.0,0.0
last_28_days,https://international-surrogacy.com/search-results-page?view=results&word=Q2l0aXplbnNoaXA,/search-results-page?view=results&word=Q2l0aXplbnNoaXA,https://international-surrogacy.com/search-results-page,/search-results-page,2.0,1.0,1.0
last_28_days,https://international-surrogacy.com/search-results-page?view=results&word=R3VhcmFudGVlZA,/search-results-page?view=results&word=R3VhcmFudGVlZA,https://international-surrogacy.com/search-results-page,/search-results-page,2.0,1.0,3.0
last_28_days,https://international-surrogacy.com/successful-surrogacy-free-book,/successful-surrogacy-free-book,https://international-surrogacy.com/successful-surrogacy-free-book,/successful-surrogacy-free-book,2.0,0.0,0.0
last_28_days,https://international-surrogacy.com/surrogacy-articles?start=40,/surrogacy-articles?start=40,https://international-surrogacy.com/surrogacy-articles,/surrogacy-articles,2.0,0.0,0.0
last_28_days,https://international-surrogacy.com/surrogacy-in-lviv,/surrogacy-in-lviv,https://international-surrogacy.com/surrogacy-in-lviv,/surrogacy-in-lviv,2.0,1.0,1.0
last_28_days,https://international-surrogacy.com/surrogacy-single-men-old,/surrogacy-single-men-old,https://international-surrogacy.com/surrogacy-single-men-old,/surrogacy-single-men-old,2.0,2.0,0.0
last_28_days,https://international-surrogacy.com/surrogacy-timeline-estimator,/surrogacy-timeline-estimator,https://international-surrogacy.com/surrogacy-timeline-estimator,/surrogacy-timeline-estimator,2.0,1.0,0.0
last_28_days,https://international-surrogacy.com/surrogacy/donors,/surrogacy/donors,https://international-surrogacy.com/surrogacy/donors,/surrogacy/donors,2.0,0.0,0.0
last_28_days,https://international-surrogacy.com/surrogacy/surrogates,/surrogacy/surrogates,https://international-surrogacy.com/surrogacy/surrogates,/surrogacy/surrogates,2.0,0.0,0.0
last_28_days,https://international-surrogacy.com//checkout,//checkout/,https://international-surrogacy.com//checkout,//checkout,1.0,0.0,0.0
last_28_days,https://international-surrogacy.com/?fbclid=IwZXh0bgNhZW0CMTEAc3J0YwZhcHBfaWQMMjU2MjgxMDQwNTU4AAEeJRKxTwYjSCGTdy_0e7CyQTO9k0YhC8YQdyVwQL_5qeyDxVGOxkHu7oeDK08_aem_J0Vy8uWbhhNtdsHTQ36r2w,/?fbclid=IwZXh0bgNhZW0CMTEAc3J0YwZhcHBfaWQMMjU2MjgxMDQwNTU4AAEeJRKxTwYjSCGTdy_0e7CyQTO9k0YhC8YQdyVwQL_5qeyDxVGOxkHu7oeDK08_aem_J0Vy8uWbhhNtdsHTQ36r2w,https://international-surrogacy.com/,/,1.0,1.0,0.0
last_28_days,https://international-surrogacy.com/?fbclid=PAVERFWAQX6QNleHRuA2FlbQIxMQBzcnRjBmFwcF9pZA8xMjQwMjQ1NzQyODc0MTQAAac6PIHwSuNc4GCVU9IBqBzqYXO6RBKI0Ri7bCKBlzgBT52TLH0v2Hp6OPTVow_aem_ST3L8b0Z9y2uOtmQTh2mgw,/?fbclid=PAVERFWAQX6QNleHRuA2FlbQIxMQBzcnRjBmFwcF9pZA8xMjQwMjQ1NzQyODc0MTQAAac6PIHwSuNc4GCVU9IBqBzqYXO6RBKI0Ri7bCKBlzgBT52TLH0v2Hp6OPTVow_aem_ST3L8b0Z9y2uOtmQTh2mgw,https://international-surrogacy.com/,/,1.0,1.0,0.0
last_28_days,https://international-surrogacy.com/ai-assistant-2,/ai-assistant-2,https://international-surrogacy.com/ai-assistant-2,/ai-assistant-2,1.0,1.0,0.0
last_28_days,https://international-surrogacy.com/blog/10-reasons-people-use-a-surrogate-mother,/blog/10-reasons-people-use-a-surrogate-mother,https://international-surrogacy.com/blog/10-reasons-people-use-a-surrogate-mother,/blog/10-reasons-people-use-a-surrogate-mother,1.0,0.0,0.0
last_28_days,https://international-surrogacy.com/blog/10-steps-to-improve-egg-quality-for-ivf-or-pregnancy,/blog/10-steps-to-improve-egg-quality-for-ivf-or-pregnancy,https://international-surrogacy.com/blog/10-steps-to-improve-egg-quality-for-ivf-or-pregnancy,/blog/10-steps-to-improve-egg-quality-for-ivf-or-pregnancy,1.0,0.0,0.0
last_28_days,https://international-surrogacy.com/blog/12-johnson-johnson,/blog/12-johnson-johnson,https://international-surrogacy.com/blog/12-johnson-johnson,/blog/12-johnson-johnson,1.0,0.0,0.0
last_28_days,https://international-surrogacy.com/blog/145-mrs-north-carolina,/blog/145-mrs-north-carolina,https://international-surrogacy.com/blog/145-mrs-north-carolina,/blog/145-mrs-north-carolina,1.0,0.0,0.0
last_28_days,https://international-surrogacy.com/blog/156-can-artificial-ovaries-help-women-conceive-after-chemotherapy,/blog/156-can-artificial-ovaries-help-women-conceive-after-chemotherapy,https://international-surrogacy.com/blog/156-can-artificial-ovaries-help-women-conceive-after-chemotherapy,/blog/156-can-artificial-ovaries-help-women-conceive-after-chemotherapy,1.0,0.0,0.0
last_28_days,https://international-surrogacy.com/blog/164-the-infertility-crisis-is-beyond-doubt-but-what-is-the-cause,/blog/164-the-infertility-crisis-is-beyond-doubt-but-what-is-the-cause,https://international-surrogacy.com/blog/164-the-infertility-crisis-is-beyond-doubt-but-what-is-the-cause,/blog/164-the-infertility-crisis-is-beyond-doubt-but-what-is-the-cause,1.0,0.0,0.0
last_28_days,https://international-surrogacy.com/blog/169-collect-moments-not-things,/blog/169-collect-moments-not-things,https://international-surrogacy.com/blog/169-collect-moments-not-things,/blog/169-collect-moments-not-things,1.0,0.0,0.0
last_28_days,https://international-surrogacy.com/blog/178-us-women-veterans,/blog/178-us-women-veterans,https://international-surrogacy.com/blog/178-us-women-veterans,/blog/178-us-women-veterans,1.0,0.0,0.0
last_28_days,https://international-surrogacy.com/blog/196-ivf-sparked,/blog/196-ivf-sparked,https://international-surrogacy.com/blog/196-ivf-sparked,/blog/196-ivf-sparked,1.0,0.0,0.0
last_28_days,https://international-surrogacy.com/blog/234-why-our-donor-matching-process-is-extraordinary,/blog/234-why-our-donor-matching-process-is-extraordinary,https://international-surrogacy.com/blog/234-why-our-donor-matching-process-is-extraordinary,/blog/234-why-our-donor-matching-process-is-extraordinary,1.0,0.0,0.0
last_28_days,https://international-surrogacy.com/blog/236-how-to-choose-the-best-agency,/blog/236-how-to-choose-the-best-agency,https://international-surrogacy.com/blog/236-how-to-choose-the-best-agency,/blog/236-how-to-choose-the-best-agency,1.0,0.0,0.0
last_28_days,https://international-surrogacy.com/blog/247-what-they-don-t-tell-you-about-infertility,/blog/247-what-they-don-t-tell-you-about-infertility,https://international-surrogacy.com/blog/247-what-they-don-t-tell-you-about-infertility,/blog/247-what-they-don-t-tell-you-about-infertility,1.0,0.0,0.0
last_28_days,https://international-surrogacy.com/blog/350-ukraine-s-borders-open,/blog/350-ukraine-s-borders-open,https://international-surrogacy.com/blog/350-ukraine-s-borders-open,/blog/350-ukraine-s-borders-open,1.0,0.0,0.0
last_28_days,https://international-surrogacy.com/blog/38-toni-street,/blog/38-toni-street,https://international-surrogacy.com/blog/38-toni-street,/blog/38-toni-street,1.0,0.0,0.0
last_28_days,https://international-surrogacy.com/blog/450-finance-1-part,/blog/450-finance-1-part,https://international-surrogacy.com/blog/450-finance-1-part,/blog/450-finance-1-part,1.0,0.0,0.0
last_28_days,https://international-surrogacy.com/blog/5-email-subject-lines,/blog/5-email-subject-lines,https://international-surrogacy.com/blog/5-email-subject-lines,/blog/5-email-subject-lines,1.0,0.0,0.0
last_28_days,https://international-surrogacy.com/blog/a-mom-is-a-mom,/blog/a-mom-is-a-mom,https://international-surrogacy.com/blog/a-mom-is-a-mom,/blog/a-mom-is-a-mom,1.0,0.0,0.0
last_28_days,https://international-surrogacy.com/blog/agency-or-clinic,/blog/agency-or-clinic,https://international-surrogacy.com/blog/agency-or-clinic,/blog/agency-or-clinic,1.0,0.0,0.0
last_28_days,https://international-surrogacy.com/blog/an-easy-look-at-ivf,/blog/an-easy-look-at-ivf,https://international-surrogacy.com/blog/an-easy-look-at-ivf,/blog/an-easy-look-at-ivf,1.0,0.0,0.0
last_28_days,https://international-surrogacy.com/blog/author/274-anton,/blog/author/274-anton,https://international-surrogacy.com/blog/author/274-anton,/blog/author/274-anton,1.0,1.0,0.0
last_28_days,https://international-surrogacy.com/blog/average-weight-and-growth-chart-for-babies-toddlers-and-kids,/blog/average-weight-and-growth-chart-for-babies-toddlers-and-kids,https://international-surrogacy.com/blog/average-weight-and-growth-chart-for-babies-toddlers-and-kids,/blog/average-weight-and-growth-chart-for-babies-toddlers-and-kids,1.0,0.0,0.0
last_28_days,https://international-surrogacy.com/blog/babies-of-ukraine-s-once-booming,/blog/babies-of-ukraine-s-once-booming,https://international-surrogacy.com/blog/babies-of-ukraine-s-once-booming,/blog/babies-of-ukraine-s-once-booming,1.0,1.0,0.0
last_28_days,https://international-surrogacy.com/blog/birth-and-exit-documentation,/blog/birth-and-exit-documentation,https://international-surrogacy.com/blog/birth-and-exit-documentation,/blog/birth-and-exit-documentation,1.0,0.0,0.0
last_28_days,https://international-surrogacy.com/blog/blame-for-infertility,/blog/blame-for-infertility,https://international-surrogacy.com/blog/blame-for-infertility,/blog/blame-for-infertility,1.0,0.0,0.0
last_28_days,https://international-surrogacy.com/blog/bonding-with-your-child,/blog/bonding-with-your-child,https://international-surrogacy.com/blog/bonding-with-your-child,/blog/bonding-with-your-child,1.0,0.0,0.0
last_28_days,https://international-surrogacy.com/blog/boost-your-reproductive-health-with-a-fertility-diet-meal-plan,/blog/boost-your-reproductive-health-with-a-fertility-diet-meal-plan,https://international-surrogacy.com/blog/boost-your-reproductive-health-with-a-fertility-diet-meal-plan,/blog/boost-your-reproductive-health-with-a-fertility-diet-meal-plan,1.0,1.0,0.0
last_28_days,https://international-surrogacy.com/blog/boosting-fertility-the-power-of-coq10-magnesium-oxide-maca-root-and-ashwagandha,/blog/boosting-fertility-the-power-of-coq10-magnesium-oxide-maca-root-and-ashwagandha,https://international-surrogacy.com/blog/boosting-fertility-the-power-of-coq10-magnesium-oxide-maca-root-and-ashwagandha,/blog/boosting-fertility-the-power-of-coq10-magnesium-oxide-maca-root-and-ashwagandha,1.0,1.0,0.0
last_28_days,https://international-surrogacy.com/blog/cameron-diaz-and-benji-madden?_x_tr_sl=en&_x_tr_tl=es&_x_tr_hl=es&_x_tr_pto=sge,/blog/cameron-diaz-and-benji-madden?_x_tr_sl=en&_x_tr_tl=es&_x_tr_hl=es&_x_tr_pto=sge,https://international-surrogacy.com/blog/cameron-diaz-and-benji-madden,/blog/cameron-diaz-and-benji-madden,1.0,0.0,0.0
last_28_days,https://international-surrogacy.com/blog/can-i-be-a-surrogate-after-tubal-ligation,/blog/can-i-be-a-surrogate-after-tubal-ligation,https://international-surrogacy.com/blog/can-i-be-a-surrogate-after-tubal-ligation,/blog/can-i-be-a-surrogate-after-tubal-ligation,1.0,0.0,0.0
last_28_days,https://international-surrogacy.com/blog/can-i-be-in-contact-with-my-surrogate,/blog/can-i-be-in-contact-with-my-surrogate,https://international-surrogacy.com/blog/can-i-be-in-contact-with-my-surrogate,/blog/can-i-be-in-contact-with-my-surrogate,1.0,0.0,0.0
last_28_days,https://international-surrogacy.com/blog/cancer-patients,/blog/cancer-patients,https://international-surrogacy.com/blog/cancer-patients,/blog/cancer-patients,1.0,1.0,0.0
last_28_days,https://international-surrogacy.com/blog/celebrity-housewife,/blog/celebrity-housewife,https://international-surrogacy.com/blog/celebrity-housewife,/blog/celebrity-housewife,1.0,0.0,0.0
last_28_days,https://international-surrogacy.com/blog/child-s-birth-certificate,/blog/child-s-birth-certificate,https://international-surrogacy.com/blog/child-s-birth-certificate,/blog/child-s-birth-certificate,1.0,1.0,0.0
last_28_days,https://international-surrogacy.com/blog/child-through-surrogacy,/blog/child-through-surrogacy,https://international-surrogacy.com/blog/child-through-surrogacy,/blog/child-through-surrogacy,1.0,0.0,0.0
last_28_days,https://international-surrogacy.com/blog/complicated-history-of-surrogacy,/blog/complicated-history-of-surrogacy,https://international-surrogacy.com/blog/complicated-history-of-surrogacy,/blog/complicated-history-of-surrogacy,1.0,1.0,0.0
last_28_days,https://international-surrogacy.com/blog/cristiano-ronaldo-296?_x_tr_sl=auto&_x_tr_tl=pt&_x_tr_hl=pt-BR&_x_tr_pto=tc,/blog/cristiano-ronaldo-296?_x_tr_sl=auto&_x_tr_tl=pt&_x_tr_hl=pt-BR&_x_tr_pto=tc,https://international-surrogacy.com/blog/cristiano-ronaldo-296,/blog/cristiano-ronaldo-296,1.0,0.0,0.0
last_28_days,https://international-surrogacy.com/blog/cristiano-ronaldo-296?_x_tr_sl=en&_x_tr_tl=ar&_x_tr_hl=ar&_x_tr_pto=tc,/blog/cristiano-ronaldo-296?_x_tr_sl=en&_x_tr_tl=ar&_x_tr_hl=ar&_x_tr_pto=tc,https://international-surrogacy.com/blog/cristiano-ronaldo-296,/blog/cristiano-ronaldo-296,1.0,1.0,0.0
last_28_days,https://international-surrogacy.com/blog/cristiano-ronaldo-296?_x_tr_sl=en&_x_tr_tl=es&_x_tr_hl=es&_x_tr_pto=wa,/blog/cristiano-ronaldo-296?_x_tr_sl=en&_x_tr_tl=es&_x_tr_hl=es&_x_tr_pto=wa,https://international-surrogacy.com/blog/cristiano-ronaldo-296,/blog/cristiano-ronaldo-296,1.0,0.0,0.0
last_28_days,https://international-surrogacy.com/blog/cristiano-ronaldo-296?_x_tr_sl=en&_x_tr_tl=nl&_x_tr_hl=nl&_x_tr_pto=rq,/blog/cristiano-ronaldo-296?_x_tr_sl=en&_x_tr_tl=nl&_x_tr_hl=nl&_x_tr_pto=rq,https://international-surrogacy.com/blog/cristiano-ronaldo-296,/blog/cristiano-ronaldo-296,1.0,0.0,0.0
last_28_days,https://international-surrogacy.com/blog/cristiano-ronaldo-296?_x_tr_sl=en&_x_tr_tl=pt&_x_tr_hl=pt&_x_tr_pto=rq,/blog/cristiano-ronaldo-296?_x_tr_sl=en&_x_tr_tl=pt&_x_tr_hl=pt&_x_tr_pto=rq,https://international-surrogacy.com/blog/cristiano-ronaldo-296,/blog/cristiano-ronaldo-296,1.0,0.0,0.0
last_28_days,https://international-surrogacy.com/blog/delivering-dreams-surrogacy-media-coverage?fbclid=IwZXh0bgNhZW0CMTEAc3J0YwZhcHBfaWQMMjU2MjgxMDQwNTU4AAEeHrJij6n5Z3NRUdmGw3-VqIbtK-yvWstltUi530oGr02Q9EyQosd7rgKK0wc_aem_2aNVaP8_agVL1Id57DjMKg,/blog/delivering-dreams-surrogacy-media-coverage?fbclid=IwZXh0bgNhZW0CMTEAc3J0YwZhcHBfaWQMMjU2MjgxMDQwNTU4AAEeHrJij6n5Z3NRUdmGw3-VqIbtK-yvWstltUi530oGr02Q9EyQosd7rgKK0wc_aem_2aNVaP8_agVL1Id57DjMKg,https://international-surrogacy.com/blog/delivering-dreams-surrogacy-media-coverage,/blog/delivering-dreams-surrogacy-media-coverage,1.0,1.0,0.0
last_28_days,https://international-surrogacy.com/blog/delivering-dreams-surrogacy-media-coverage?fbclid=IwZXh0bgNhZW0CMTEAc3J0YwZhcHBfaWQMMjU2MjgxMDQwNTU4AAEerqI8Qpm-9Ff-2LQI0e6rEhxAL-VCbWDongvMnxn6LrsKK-3TEpIIDjIR_pw_aem_Mk24XRKBH3gpUAXPRf6AQA,/blog/delivering-dreams-surrogacy-media-coverage?fbclid=IwZXh0bgNhZW0CMTEAc3J0YwZhcHBfaWQMMjU2MjgxMDQwNTU4AAEerqI8Qpm-9Ff-2LQI0e6rEhxAL-VCbWDongvMnxn6LrsKK-3TEpIIDjIR_pw_aem_Mk24XRKBH3gpUAXPRf6AQA,https://international-surrogacy.com/blog/delivering-dreams-surrogacy-media-coverage,/blog/delivering-dreams-surrogacy-media-coverage,1.0,0.0,0.0
last_28_days,https://international-surrogacy.com/blog/dna-test-to-show-the-child,/blog/dna-test-to-show-the-child,https://international-surrogacy.com/blog/dna-test-to-show-the-child,/blog/dna-test-to-show-the-child,1.0,0.0,0.0
last_28_days,https://international-surrogacy.com/blog/dna-testing-to-ensure-a-healthy-child,/blog/dna-testing-to-ensure-a-healthy-child,https://international-surrogacy.com/blog/dna-testing-to-ensure-a-healthy-child,/blog/dna-testing-to-ensure-a-healthy-child,1.0,0.0,0.0
last_28_days,https://international-surrogacy.com/blog/eating-for-two-mastering-the-best-pregnancy-diet,/blog/eating-for-two-mastering-the-best-pregnancy-diet,https://international-surrogacy.com/blog/eating-for-two-mastering-the-best-pregnancy-diet,/blog/eating-for-two-mastering-the-best-pregnancy-diet,1.0,0.0,0.0
last_28_days,https://international-surrogacy.com/blog/egg-retrieval-after-hysterectomy?_x_tr_sl=en&_x_tr_tl=es&_x_tr_hl=es&_x_tr_pto=tc,/blog/egg-retrieval-after-hysterectomy?_x_tr_sl=en&_x_tr_tl=es&_x_tr_hl=es&_x_tr_pto=tc,https://international-surrogacy.com/blog/egg-retrieval-after-hysterectomy,/blog/egg-retrieval-after-hysterectomy,1.0,1.0,0.0
last_28_days,https://international-surrogacy.com/blog/embryo-glue,/blog/embryo-glue,https://international-surrogacy.com/blog/embryo-glue,/blog/embryo-glue,1.0,1.0,0.0
last_28_days,https://international-surrogacy.com/blog/fertility-for-dummies,/blog/fertility-for-dummies,https://international-surrogacy.com/blog/fertility-for-dummies,/blog/fertility-for-dummies,1.0,1.0,0.0
last_28_days,https://international-surrogacy.com/blog/from-angelina-jolie-to-neil-patrick-harris-celebrities-who-chose-surrogacy?_x_tr_sl=en&_x_tr_tl=ru&_x_tr_hl=ru&_x_tr_pto=rq,/blog/from-angelina-jolie-to-neil-patrick-harris-celebrities-who-chose-surrogacy?_x_tr_sl=en&_x_tr_tl=ru&_x_tr_hl=ru&_x_tr_pto=rq,https://international-surrogacy.com/blog/from-angelina-jolie-to-neil-patrick-harris-celebrities-who-chose-surrogacy,/blog/from-angelina-jolie-to-neil-patrick-harris-celebrities-who-chose-surrogacy,1.0,1.0,0.0
last_28_days,https://international-surrogacy.com/blog/gabrielle-union-dwyane-wade,/blog/gabrielle-union-dwyane-wade,https://international-surrogacy.com/blog/gabrielle-union-dwyane-wade,/blog/gabrielle-union-dwyane-wade,1.0,1.0,0.0
last_28_days,https://international-surrogacy.com/blog/genetic-screening,/blog/genetic-screening,https://international-surrogacy.com/blog/genetic-screening,/blog/genetic-screening,1.0,0.0,0.0
last_28_days,https://international-surrogacy.com/blog/guaranteed-surrogacy-programs?fbclid=IwY2xjawQzbVVleHRuA2FlbQIxMQBzcnRjBmFwcF9pZBAyMjIwMzkxNzg4MjAwODkyAAEeh2ZZlA5_WuOAf7XdHZjL-KQjeuuzU50WO7u9vGfA5-grQKnLKrQg3_Xcl5A_aem_yHGnUY9cs-DLM3aS4cR7Aw,/blog/guaranteed-surrogacy-programs?fbclid=IwY2xjawQzbVVleHRuA2FlbQIxMQBzcnRjBmFwcF9pZBAyMjIwMzkxNzg4MjAwODkyAAEeh2ZZlA5_WuOAf7XdHZjL-KQjeuuzU50WO7u9vGfA5-grQKnLKrQg3_Xcl5A_aem_yHGnUY9cs-DLM3aS4cR7Aw,https://international-surrogacy.com/blog/guaranteed-surrogacy-programs,/blog/guaranteed-surrogacy-programs,1.0,1.0,0.0
last_28_days,https://international-surrogacy.com/blog/guaranteed-surrogacy-programs?fbclid=IwZXh0bgNhZW0CMTEAc3J0YwZhcHBfaWQMMjU2MjgxMDQwNTU4AAEeIhNO2uCruOBbjWnu1I2UNP2teLO_D6Ii-FU8Q_ZL7gesO__blCO3aTdowMQ_aem_vqo5vwHcpA_6qpUPvBmG6w,/blog/guaranteed-surrogacy-programs?fbclid=IwZXh0bgNhZW0CMTEAc3J0YwZhcHBfaWQMMjU2MjgxMDQwNTU4AAEeIhNO2uCruOBbjWnu1I2UNP2teLO_D6Ii-FU8Q_ZL7gesO__blCO3aTdowMQ_aem_vqo5vwHcpA_6qpUPvBmG6w,https://international-surrogacy.com/blog/guaranteed-surrogacy-programs,/blog/guaranteed-surrogacy-programs,1.0,0.0,0.0
last_28_days,https://international-surrogacy.com/blog/guaranteed-surrogacy-programs?fbclid=PAZXh0bgNhZW0CMTEAc3J0YwZhcHBfaWQPMTI0MDI0NTc0Mjg3NDE0AAGnHx3nEWVxn6g0IZHl2E7joaPc4KD-F_GLIiowTaGFpl6rVbKjWXU-bFxPVGo_aem_piZtIatiwkmOuVkF_abfLw,/blog/guaranteed-surrogacy-programs?fbclid=PAZXh0bgNhZW0CMTEAc3J0YwZhcHBfaWQPMTI0MDI0NTc0Mjg3NDE0AAGnHx3nEWVxn6g0IZHl2E7joaPc4KD-F_GLIiowTaGFpl6rVbKjWXU-bFxPVGo_aem_piZtIatiwkmOuVkF_abfLw,https://international-surrogacy.com/blog/guaranteed-surrogacy-programs,/blog/guaranteed-surrogacy-programs,1.0,0.0,0.0
last_28_days,https://international-surrogacy.com/blog/how-long-does-surrogacy-in-ukraine-take,/blog/how-long-does-surrogacy-in-ukraine-take,https://international-surrogacy.com/blog/how-long-does-surrogacy-in-ukraine-take,/blog/how-long-does-surrogacy-in-ukraine-take,1.0,0.0,0.0
last_28_days,https://international-surrogacy.com/blog/how-much-are-egg-donors-paid-in-california,/blog/how-much-are-egg-donors-paid-in-california,https://international-surrogacy.com/blog/how-much-are-egg-donors-paid-in-california,/blog/how-much-are-egg-donors-paid-in-california,1.0,1.0,0.0
last_28_days,https://international-surrogacy.com/blog/how-to-improve-sperm-quality-before-ivf,/blog/how-to-improve-sperm-quality-before-ivf,https://international-surrogacy.com/blog/how-to-improve-sperm-quality-before-ivf,/blog/how-to-improve-sperm-quality-before-ivf,1.0,0.0,0.0
last_28_days,https://international-surrogacy.com/blog/how-to-increase-the-chances-of-a-successful-ivf-pregnancy,/blog/how-to-increase-the-chances-of-a-successful-ivf-pregnancy,https://international-surrogacy.com/blog/how-to-increase-the-chances-of-a-successful-ivf-pregnancy,/blog/how-to-increase-the-chances-of-a-successful-ivf-pregnancy,1.0,0.0,0.0
last_28_days,https://international-surrogacy.com/blog/how-to-select-the-best-embryo-unraveling-the-intricacies-of-ivf-embryo-grading?fbclid=IwY2xjawQzem5leHRuA2FlbQIxMQBzcnRjBmFwcF9pZBAyMjIwMzkxNzg4MjAwODkyAAEeaf-KdbT57bgkqWXHwBp36qWMWqfxt1GT4o8_xzloZ8sP9PFjJTsxzrWANUc_aem_2HENpwFXI_WPinaNu5T2vw,/blog/how-to-select-the-best-embryo-unraveling-the-intricacies-of-ivf-embryo-grading?fbclid=IwY2xjawQzem5leHRuA2FlbQIxMQBzcnRjBmFwcF9pZBAyMjIwMzkxNzg4MjAwODkyAAEeaf-KdbT57bgkqWXHwBp36qWMWqfxt1GT4o8_xzloZ8sP9PFjJTsxzrWANUc_aem_2HENpwFXI_WPinaNu5T2vw,https://international-surrogacy.com/blog/how-to-select-the-best-embryo-unraveling-the-intricacies-of-ivf-embryo-grading,/blog/how-to-select-the-best-embryo-unraveling-the-intricacies-of-ivf-embryo-grading,1.0,0.0,0.0
last_28_days,https://international-surrogacy.com/blog/how-to-select-the-best-embryo-unraveling-the-intricacies-of-ivf-embryo-grading?fbclid=IwZXh0bgNhZW0CMTEAc3J0YwZhcHBfaWQMMjU2MjgxMDQwNTU4AAEe5-2wDzd-eLupyZABpPOtvjOY6KtMXkZONxy5i0LGsHDFo-bcNXsvWhDGRnI_aem__oj1u4OEFB3ZKmNrirvuEw,/blog/how-to-select-the-best-embryo-unraveling-the-intricacies-of-ivf-embryo-grading?fbclid=IwZXh0bgNhZW0CMTEAc3J0YwZhcHBfaWQMMjU2MjgxMDQwNTU4AAEe5-2wDzd-eLupyZABpPOtvjOY6KtMXkZONxy5i0LGsHDFo-bcNXsvWhDGRnI_aem__oj1u4OEFB3ZKmNrirvuEw,https://international-surrogacy.com/blog/how-to-select-the-best-embryo-unraveling-the-intricacies-of-ivf-embryo-grading,/blog/how-to-select-the-best-embryo-unraveling-the-intricacies-of-ivf-embryo-grading,1.0,0.0,0.0
last_28_days,https://international-surrogacy.com/blog/how-to-understand-sperm-analysis-results,/blog/how-to-understand-sperm-analysis-results,https://international-surrogacy.com/blog/how-to-understand-sperm-analysis-results,/blog/how-to-understand-sperm-analysis-results,1.0,0.0,0.0
last_28_days,https://international-surrogacy.com/blog/is-ukrainian-surrogacy-safe,/blog/is-ukrainian-surrogacy-safe,https://international-surrogacy.com/blog/is-ukrainian-surrogacy-safe,/blog/is-ukrainian-surrogacy-safe,1.0,0.0,0.0
last_28_days,https://international-surrogacy.com/blog/ivf-is-expensive,/blog/ivf-is-expensive,https://international-surrogacy.com/blog/ivf-is-expensive,/blog/ivf-is-expensive,1.0,0.0,0.0
last_28_days,https://international-surrogacy.com/blog/ivf-with-improved-sperm-fertility,/blog/ivf-with-improved-sperm-fertility,https://international-surrogacy.com/blog/ivf-with-improved-sperm-fertility,/blog/ivf-with-improved-sperm-fertility,1.0,0.0,0.0
last_28_days,https://international-surrogacy.com/blog/love-always-mom,/blog/love-always-mom,https://international-surrogacy.com/blog/love-always-mom,/blog/love-always-mom,1.0,1.0,0.0
last_28_days,https://international-surrogacy.com/blog/love-letter-to-my-future-surrogate,/blog/love-letter-to-my-future-surrogate,https://international-surrogacy.com/blog/love-letter-to-my-future-surrogate,/blog/love-letter-to-my-future-surrogate,1.0,1.0,0.0
last_28_days,https://international-surrogacy.com/blog/male-infertility,/blog/male-infertility,https://international-surrogacy.com/blog/male-infertility,/blog/male-infertility,1.0,0.0,0.0
last_28_days,https://international-surrogacy.com/blog/medical-care-during-pregnancy,/blog/medical-care-during-pregnancy,https://international-surrogacy.com/blog/medical-care-during-pregnancy,/blog/medical-care-during-pregnancy,1.0,0.0,0.0
last_28_days,https://international-surrogacy.com/blog/natural-birth-vs-cesarean-section-which-path-to-choose,/blog/natural-birth-vs-cesarean-section-which-path-to-choose,https://international-surrogacy.com/blog/natural-birth-vs-cesarean-section-which-path-to-choose,/blog/natural-birth-vs-cesarean-section-which-path-to-choose,1.0,0.0,0.0
last_28_days,https://international-surrogacy.com/blog/not-everyone-abandons-surrogates,/blog/not-everyone-abandons-surrogates,https://international-surrogacy.com/blog/not-everyone-abandons-surrogates,/blog/not-everyone-abandons-surrogates,1.0,0.0,0.0
last_28_days,https://international-surrogacy.com/blog/pgd-vs-ngs-the-importance-and-superiority-of-next-generation-sequencing-in-ivf,/blog/pgd-vs-ngs-the-importance-and-superiority-of-next-generation-sequencing-in-ivf,https://international-surrogacy.com/blog/pgd-vs-ngs-the-importance-and-superiority-of-next-generation-sequencing-in-ivf,/blog/pgd-vs-ngs-the-importance-and-superiority-of-next-generation-sequencing-in-ivf,1.0,0.0,0.0
last_28_days,https://international-surrogacy.com/blog/pgd-vs-ngs-the-importance-and-superiority-of-next-generation-sequencing-in-ivf?fbclid=IwZXh0bgNhZW0CMTEAc3J0YwZhcHBfaWQMMjU2MjgxMDQwNTU4AAEe3lOREikwdA8nyCYp-xIzXGAyvQ5CzpDpGzYzxGr_uArGOW3djzQe7j24SNE_aem_mcUhHiO5nM3Z2b6MmqD75Q,/blog/pgd-vs-ngs-the-importance-and-superiority-of-next-generation-sequencing-in-ivf?fbclid=IwZXh0bgNhZW0CMTEAc3J0YwZhcHBfaWQMMjU2MjgxMDQwNTU4AAEe3lOREikwdA8nyCYp-xIzXGAyvQ5CzpDpGzYzxGr_uArGOW3djzQe7j24SNE_aem_mcUhHiO5nM3Z2b6MmqD75Q,https://international-surrogacy.com/blog/pgd-vs-ngs-the-importance-and-superiority-of-next-generation-sequencing-in-ivf,/blog/pgd-vs-ngs-the-importance-and-superiority-of-next-generation-sequencing-in-ivf,1.0,1.0,0.0
last_28_days,https://international-surrogacy.com/blog/pgd-vs-ngs-the-importance-and-superiority-of-next-generation-sequencing-in-ivf?fbclid=IwZXh0bgNhZW0CMTEAc3J0YwZhcHBfaWQMMjU2MjgxMDQwNTU4AAEe_fxUutpsN5ydhklcr8h2dWItPEmc0m7HUkdv1kjyUt7JR9v_LMDu1bseh6U_aem_eEd5aO0hk1L0hU0Q9l3QTg,/blog/pgd-vs-ngs-the-importance-and-superiority-of-next-generation-sequencing-in-ivf?fbclid=IwZXh0bgNhZW0CMTEAc3J0YwZhcHBfaWQMMjU2MjgxMDQwNTU4AAEe_fxUutpsN5ydhklcr8h2dWItPEmc0m7HUkdv1kjyUt7JR9v_LMDu1bseh6U_aem_eEd5aO0hk1L0hU0Q9l3QTg,https://international-surrogacy.com/blog/pgd-vs-ngs-the-importance-and-superiority-of-next-generation-sequencing-in-ivf,/blog/pgd-vs-ngs-the-importance-and-superiority-of-next-generation-sequencing-in-ivf,1.0,0.0,0.0
last_28_days,https://international-surrogacy.com/blog/prepared-for-everything,/blog/prepared-for-everything,https://international-surrogacy.com/blog/prepared-for-everything,/blog/prepared-for-everything,1.0,0.0,0.0
last_28_days,https://international-surrogacy.com/blog/shayne-lamas,/blog/shayne-lamas,https://international-surrogacy.com/blog/shayne-lamas,/blog/shayne-lamas,1.0,1.0,0.0
last_28_days,https://international-surrogacy.com/blog/she-said-she-d-be-babysitting-our-embryo,/blog/she-said-she-d-be-babysitting-our-embryo,https://international-surrogacy.com/blog/she-said-she-d-be-babysitting-our-embryo,/blog/she-said-she-d-be-babysitting-our-embryo,1.0,0.0,0.0
last_28_days,https://international-surrogacy.com/blog/single-father-surrogacy-ghana?fbclid=PAZXh0bgNhZW0CMTEAc3J0YwZhcHBfaWQPMTI0MDI0NTc0Mjg3NDE0AAGnSVN-u-TKYS0gdVd7KwPPFpZDjjxqjBk3SVnBr8A9uqgA_OY07sbXeMGGoiQ_aem_hBqASU5qJTtWOF3LMNNaJg,/blog/single-father-surrogacy-ghana?fbclid=PAZXh0bgNhZW0CMTEAc3J0YwZhcHBfaWQPMTI0MDI0NTc0Mjg3NDE0AAGnSVN-u-TKYS0gdVd7KwPPFpZDjjxqjBk3SVnBr8A9uqgA_OY07sbXeMGGoiQ_aem_hBqASU5qJTtWOF3LMNNaJg,https://international-surrogacy.com/blog/single-father-surrogacy-ghana,/blog/single-father-surrogacy-ghana,1.0,0.0,0.0
last_28_days,https://international-surrogacy.com/blog/single-father-surrogacy-ghana?fbclid=PAdGRleAQcFLxleHRuA2FlbQIxMQBzcnRjBmFwcF9pZA8xMjQwMjQ1NzQyODc0MTQAAadJU3675MphLSB1V3srA88WlkOOPGqMGTdJWcGvwD26qAD85jTuxtd4wYaiJA_aem_hBqASU5qJTtWOF3LMNNaJg,/blog/single-father-surrogacy-ghana?fbclid=PAdGRleAQcFLxleHRuA2FlbQIxMQBzcnRjBmFwcF9pZA8xMjQwMjQ1NzQyODc0MTQAAadJU3675MphLSB1V3srA88WlkOOPGqMGTdJWcGvwD26qAD85jTuxtd4wYaiJA_aem_hBqASU5qJTtWOF3LMNNaJg,https://international-surrogacy.com/blog/single-father-surrogacy-ghana,/blog/single-father-surrogacy-ghana,1.0,1.0,0.0
last_28_days,https://international-surrogacy.com/blog/sperm-microchipping,/blog/sperm-microchipping,https://international-surrogacy.com/blog/sperm-microchipping,/blog/sperm-microchipping,1.0,1.0,0.0
last_28_days,https://international-surrogacy.com/blog/surrogacy-agency-risks-lessons?fbclid=IwZXh0bgNhZW0CMTEAc3J0YwZhcHBfaWQKNjYyODU2ODM3OQABHqModebCXyKOGHwtzmKEowVWdIFr6LcB2fLrdKEid4RK7g7Mte7h6Sy6B5th_aem_NyVkgbhEJI9BRnKcCnpTiA,/blog/surrogacy-agency-risks-lessons?fbclid=IwZXh0bgNhZW0CMTEAc3J0YwZhcHBfaWQKNjYyODU2ODM3OQABHqModebCXyKOGHwtzmKEowVWdIFr6LcB2fLrdKEid4RK7g7Mte7h6Sy6B5th_aem_NyVkgbhEJI9BRnKcCnpTiA,https://international-surrogacy.com/blog/surrogacy-agency-risks-lessons,/blog/surrogacy-agency-risks-lessons,1.0,0.0,0.0
last_28_days,https://international-surrogacy.com/blog/surrogacy-agency-risks-lessons?fbclid=IwZXh0bgNhZW0CMTEAc3J0YwZhcHBfaWQMMjU2MjgxMDQwNTU4AAEe7zGHzNNeI3FuqqiB6fkuzuV97rEdLIVeYqjWDEkIlsqRHockm_BhsPobj-E_aem_FXXdA_1nOlGfU1lO0dkzJw,/blog/surrogacy-agency-risks-lessons?fbclid=IwZXh0bgNhZW0CMTEAc3J0YwZhcHBfaWQMMjU2MjgxMDQwNTU4AAEe7zGHzNNeI3FuqqiB6fkuzuV97rEdLIVeYqjWDEkIlsqRHockm_BhsPobj-E_aem_FXXdA_1nOlGfU1lO0dkzJw,https://international-surrogacy.com/blog/surrogacy-agency-risks-lessons,/blog/surrogacy-agency-risks-lessons,1.0,0.0,0.0
last_28_days,https://international-surrogacy.com/blog/surrogacy-for-uterine-factor-infertility?fbclid=IwZXh0bgNhZW0CMTEAc3J0YwZhcHBfaWQMMjU2MjgxMDQwNTU4AAEe3Q2iGLHjV8MiKb4lCVRVSMN95eSNJc_jLAGZBJ5eIPVacg1pxkQBGMDAheg_aem_aezkPFjWNaxu1OiT1L9JiQ,/blog/surrogacy-for-uterine-factor-infertility?fbclid=IwZXh0bgNhZW0CMTEAc3J0YwZhcHBfaWQMMjU2MjgxMDQwNTU4AAEe3Q2iGLHjV8MiKb4lCVRVSMN95eSNJc_jLAGZBJ5eIPVacg1pxkQBGMDAheg_aem_aezkPFjWNaxu1OiT1L9JiQ,https://international-surrogacy.com/blog/surrogacy-for-uterine-factor-infertility,/blog/surrogacy-for-uterine-factor-infertility,1.0,0.0,0.0
last_28_days,https://international-surrogacy.com/blog/surrogacy-for-uterine-factor-infertility?fbclid=IwZXh0bgNhZW0CMTEAc3J0YwZhcHBfaWQMMjU2MjgxMDQwNTU4AAEeDwOKjBeVq280YpRARd9yKEXP9sxz1L0h9Zmcfobrln8eucbqe5brQFZ2wLA_aem_hmP9zlf1wfZGjqGY9pEyEQ,/blog/surrogacy-for-uterine-factor-infertility?fbclid=IwZXh0bgNhZW0CMTEAc3J0YwZhcHBfaWQMMjU2MjgxMDQwNTU4AAEeDwOKjBeVq280YpRARd9yKEXP9sxz1L0h9Zmcfobrln8eucbqe5brQFZ2wLA_aem_hmP9zlf1wfZGjqGY9pEyEQ,https://international-surrogacy.com/blog/surrogacy-for-uterine-factor-infertility,/blog/surrogacy-for-uterine-factor-infertility,1.0,0.0,0.0
last_28_days,https://international-surrogacy.com/blog/surrogacy-for-uterine-factor-infertility?fbclid=IwZXh0bgNhZW0CMTEAc3J0YwZhcHBfaWQMMjU2MjgxMDQwNTU4AAEeLhH8xSoNWpiu5jObMdXoo5wrX8uujp7vKKqqBikt3gEXAtsZIQ8VZH5Vn20_aem_4U5yx8LA6AYsTxt12Bas4Q,/blog/surrogacy-for-uterine-factor-infertility?fbclid=IwZXh0bgNhZW0CMTEAc3J0YwZhcHBfaWQMMjU2MjgxMDQwNTU4AAEeLhH8xSoNWpiu5jObMdXoo5wrX8uujp7vKKqqBikt3gEXAtsZIQ8VZH5Vn20_aem_4U5yx8LA6AYsTxt12Bas4Q,https://international-surrogacy.com/blog/surrogacy-for-uterine-factor-infertility,/blog/surrogacy-for-uterine-factor-infertility,1.0,0.0,0.0
last_28_days,https://international-surrogacy.com/blog/surrogacy-for-uterine-factor-infertility?fbclid=IwZXh0bgNhZW0CMTEAc3J0YwZhcHBfaWQMMjU2MjgxMDQwNTU4AAEeNNbLbmxzq4XH10opO-v_4T1UFOi96FFhpbi9JpC-MuTgRBTF5HnUJGjuTDw_aem_IP8pkM5Wp1VVu96NM69qHA,/blog/surrogacy-for-uterine-factor-infertility?fbclid=IwZXh0bgNhZW0CMTEAc3J0YwZhcHBfaWQMMjU2MjgxMDQwNTU4AAEeNNbLbmxzq4XH10opO-v_4T1UFOi96FFhpbi9JpC-MuTgRBTF5HnUJGjuTDw_aem_IP8pkM5Wp1VVu96NM69qHA,https://international-surrogacy.com/blog/surrogacy-for-uterine-factor-infertility,/blog/surrogacy-for-uterine-factor-infertility,1.0,0.0,0.0
last_28_days,https://international-surrogacy.com/blog/surrogacy-for-uterine-factor-infertility?fbclid=IwZXh0bgNhZW0CMTEAc3J0YwZhcHBfaWQMMjU2MjgxMDQwNTU4AAEeuV8SKqQL5C8Xjb-IcsfDsNMpIUpio0O6t_Y3ayWTjS7rc2RZnKVr3AsUyK4_aem_wA496rWIGqOmF5abgLs5sQ,/blog/surrogacy-for-uterine-factor-infertility?fbclid=IwZXh0bgNhZW0CMTEAc3J0YwZhcHBfaWQMMjU2MjgxMDQwNTU4AAEeuV8SKqQL5C8Xjb-IcsfDsNMpIUpio0O6t_Y3ayWTjS7rc2RZnKVr3AsUyK4_aem_wA496rWIGqOmF5abgLs5sQ,https://international-surrogacy.com/blog/surrogacy-for-uterine-factor-infertility,/blog/surrogacy-for-uterine-factor-infertility,1.0,0.0,0.0
last_28_days,https://international-surrogacy.com/blog/surrogacy-for-uterine-factor-infertility?fbclid=IwZXh0bgNhZW0CMTEAc3J0YwZhcHBfaWQMMjU2MjgxMDQwNTU4AAEevgEDkZW9o-18RgGCDtgYV-NZzmjCY1En7y6M1N3JblEufSZWlmd-y6WfbH8_aem_I5IzESBpVmJSpZXqYFoacw,/blog/surrogacy-for-uterine-factor-infertility?fbclid=IwZXh0bgNhZW0CMTEAc3J0YwZhcHBfaWQMMjU2MjgxMDQwNTU4AAEevgEDkZW9o-18RgGCDtgYV-NZzmjCY1En7y6M1N3JblEufSZWlmd-y6WfbH8_aem_I5IzESBpVmJSpZXqYFoacw,https://international-surrogacy.com/blog/surrogacy-for-uterine-factor-infertility,/blog/surrogacy-for-uterine-factor-infertility,1.0,1.0,0.0
last_28_days,https://international-surrogacy.com/blog/surrogacy-for-uterine-factor-infertility?fbclid=IwZXh0bgNhZW0CMTEAc3J0YwZhcHBfaWQMMjU2MjgxMDQwNTU4AAEey3ZpxM1k4lgDEyUUDv0qh2hX9fS3BqxylrN9vcth29btVnc8tL2fOthd1OU_aem_AccSsU9JpCT_um-TK7CjoQ,/blog/surrogacy-for-uterine-factor-infertility?fbclid=IwZXh0bgNhZW0CMTEAc3J0YwZhcHBfaWQMMjU2MjgxMDQwNTU4AAEey3ZpxM1k4lgDEyUUDv0qh2hX9fS3BqxylrN9vcth29btVnc8tL2fOthd1OU_aem_AccSsU9JpCT_um-TK7CjoQ,https://international-surrogacy.com/blog/surrogacy-for-uterine-factor-infertility,/blog/surrogacy-for-uterine-factor-infertility,1.0,0.0,0.0
last_28_days,https://international-surrogacy.com/blog/surrogacy-fraud-in-kenya,/blog/surrogacy-fraud-in-kenya,https://international-surrogacy.com/blog/surrogacy-fraud-in-kenya,/blog/surrogacy-fraud-in-kenya,1.0,0.0,0.0
last_28_days,https://international-surrogacy.com/blog/surrogacy-in-ghana-for-single-men?fbclid=IwZXh0bgNhZW0CMTEAc3J0YwZhcHBfaWQMMjU2MjgxMDQwNTU4AAEeIRNNKn2nelE3nkhz0ngMZJCnvNKEk3YmxKRWAVz8Qd5FAAUFvgmk3BiWSZA_aem_KbtaxBFCEu0pybM7MPKb6g,/blog/surrogacy-in-ghana-for-single-men?fbclid=IwZXh0bgNhZW0CMTEAc3J0YwZhcHBfaWQMMjU2MjgxMDQwNTU4AAEeIRNNKn2nelE3nkhz0ngMZJCnvNKEk3YmxKRWAVz8Qd5FAAUFvgmk3BiWSZA_aem_KbtaxBFCEu0pybM7MPKb6g,https://international-surrogacy.com/blog/surrogacy-in-ghana-for-single-men,/blog/surrogacy-in-ghana-for-single-men,1.0,0.0,0.0
last_28_days,https://international-surrogacy.com/blog/surrogacy-in-ukraine-is-it-safe,/blog/surrogacy-in-ukraine-is-it-safe,https://international-surrogacy.com/blog/surrogacy-in-ukraine-is-it-safe,/blog/surrogacy-in-ukraine-is-it-safe,1.0,0.0,0.0
last_28_days,https://international-surrogacy.com/blog/surrogacy-insurance,/blog/surrogacy-insurance,https://international-surrogacy.com/blog/surrogacy-insurance,/blog/surrogacy-insurance,1.0,1.0,0.0
last_28_days,https://international-surrogacy.com/blog/surrogacy-or-ivf-which-is-better,/blog/surrogacy-or-ivf-which-is-better,https://international-surrogacy.com/blog/surrogacy-or-ivf-which-is-better,/blog/surrogacy-or-ivf-which-is-better,1.0,0.0,0.0
last_28_days,https://international-surrogacy.com/blog/surrogacy-pope-francis,/blog/surrogacy-pope-francis,https://international-surrogacy.com/blog/surrogacy-pope-francis,/blog/surrogacy-pope-francis,1.0,0.0,0.0
last_28_days,https://international-surrogacy.com/blog/surrogate-carries-quadruplets,/blog/surrogate-carries-quadruplets,https://international-surrogacy.com/blog/surrogate-carries-quadruplets,/blog/surrogate-carries-quadruplets,1.0,1.0,0.0
last_28_days,https://international-surrogacy.com/blog/surrogate-match,/blog/surrogate-match,https://international-surrogacy.com/blog/surrogate-match,/blog/surrogate-match,1.0,0.0,0.0
last_28_days,https://international-surrogacy.com/blog/tax-implications,/blog/tax-implications,https://international-surrogacy.com/blog/tax-implications,/blog/tax-implications,1.0,1.0,0.0
last_28_days,https://international-surrogacy.com/blog/the-growing-popularity-of-surrogacy,/blog/the-growing-popularity-of-surrogacy,https://international-surrogacy.com/blog/the-growing-popularity-of-surrogacy,/blog/the-growing-popularity-of-surrogacy,1.0,1.0,0.0
last_28_days,https://international-surrogacy.com/blog/the-hidden-costs-of-surrogacy?fbclid=IwZXh0bgNhZW0CMTEAc3J0YwZhcHBfaWQMMjU2MjgxMDQwNTU4AAEekA1YWXeJocHLsyBMvUJrVaNU2zUm10lUXgWa3iOIeqIznNu-mp0scw0xzac_aem_0lLSm8dmNegY7TDHZ2PSMw,/blog/the-hidden-costs-of-surrogacy?fbclid=IwZXh0bgNhZW0CMTEAc3J0YwZhcHBfaWQMMjU2MjgxMDQwNTU4AAEekA1YWXeJocHLsyBMvUJrVaNU2zUm10lUXgWa3iOIeqIznNu-mp0scw0xzac_aem_0lLSm8dmNegY7TDHZ2PSMw,https://international-surrogacy.com/blog/the-hidden-costs-of-surrogacy,/blog/the-hidden-costs-of-surrogacy,1.0,1.0,0.0
last_28_days,https://international-surrogacy.com/blog/the-hidden-costs-of-surrogacy?fbclid=IwZXh0bgNhZW0CMTEAc3J0YwZhcHBfaWQMMzUwNjg1NTMxNzI4AAEeFDMQUj1wUV_a_p_QbRhNA0Y3YrcbE93SmQX148hudQmHDgdNZWzNW7-QmHM_aem_jETs2XrpoKKenqOpOf_H2A,/blog/the-hidden-costs-of-surrogacy?fbclid=IwZXh0bgNhZW0CMTEAc3J0YwZhcHBfaWQMMzUwNjg1NTMxNzI4AAEeFDMQUj1wUV_a_p_QbRhNA0Y3YrcbE93SmQX148hudQmHDgdNZWzNW7-QmHM_aem_jETs2XrpoKKenqOpOf_H2A,https://international-surrogacy.com/blog/the-hidden-costs-of-surrogacy,/blog/the-hidden-costs-of-surrogacy,1.0,0.0,0.0
last_28_days,https://international-surrogacy.com/blog/the-hidden-costs-of-surrogacy?fbclid=Iwb21leAQkFwxleHRuA2FlbQIxMQBzcnRjBmFwcF9pZAwzNTA2ODU1MzE3MjgAAR4UMxBSPXBRX9r-n9BtGE0DRjditxsT3dKZBfXjyG51CYcOB01lbM1bv5CYcw_aem_jETs2XrpoKKenqOpOf_H2A,/blog/the-hidden-costs-of-surrogacy?fbclid=Iwb21leAQkFwxleHRuA2FlbQIxMQBzcnRjBmFwcF9pZAwzNTA2ODU1MzE3MjgAAR4UMxBSPXBRX9r-n9BtGE0DRjditxsT3dKZBfXjyG51CYcOB01lbM1bv5CYcw_aem_jETs2XrpoKKenqOpOf_H2A,https://international-surrogacy.com/blog/the-hidden-costs-of-surrogacy,/blog/the-hidden-costs-of-surrogacy,1.0,1.0,0.0
last_28_days,https://international-surrogacy.com/blog/the-real-talk-on-having-a-baby-after-35,/blog/the-real-talk-on-having-a-baby-after-35,https://international-surrogacy.com/blog/the-real-talk-on-having-a-baby-after-35,/blog/the-real-talk-on-having-a-baby-after-35,1.0,0.0,0.0
last_28_days,https://international-surrogacy.com/blog/things-your-doctors-may-not-tell-you,/blog/things-your-doctors-may-not-tell-you,https://international-surrogacy.com/blog/things-your-doctors-may-not-tell-you,/blog/things-your-doctors-may-not-tell-you,1.0,1.0,0.0
last_28_days,https://international-surrogacy.com/blog/through-surrogacy-ricky-martin?_x_tr_sl=en&_x_tr_tl=es&_x_tr_hl=es&_x_tr_pto=sge,/blog/through-surrogacy-ricky-martin?_x_tr_sl=en&_x_tr_tl=es&_x_tr_hl=es&_x_tr_pto=sge,https://international-surrogacy.com/blog/through-surrogacy-ricky-martin,/blog/through-surrogacy-ricky-martin,1.0,0.0,0.0
last_28_days,https://international-surrogacy.com/blog/toni-street-38,/blog/toni-street-38,https://international-surrogacy.com/blog/toni-street-38,/blog/toni-street-38,1.0,0.0,0.0
last_28_days,https://international-surrogacy.com/blog/truth-and-confusion-behind-success-rates,/blog/truth-and-confusion-behind-success-rates,https://international-surrogacy.com/blog/truth-and-confusion-behind-success-rates,/blog/truth-and-confusion-behind-success-rates,1.0,1.0,0.0
last_28_days,https://international-surrogacy.com/blog/ukraine-surrogacy-cost-breakdown-2026?fbclid=IwY2xjawQf3ydleHRuA2FlbQIxMQBzcnRjBmFwcF9pZBAyMjIwMzkxNzg4MjAwODkyAAEeyvfCPpIzLgIsNBKaxS6M3DBNHI0yuEtP5MqGn5GpLCZCrJIGA937bLIJH0Y_aem_cF_kzOLLHqMmXKkplkHH5g,/blog/ukraine-surrogacy-cost-breakdown-2026?fbclid=IwY2xjawQf3ydleHRuA2FlbQIxMQBzcnRjBmFwcF9pZBAyMjIwMzkxNzg4MjAwODkyAAEeyvfCPpIzLgIsNBKaxS6M3DBNHI0yuEtP5MqGn5GpLCZCrJIGA937bLIJH0Y_aem_cF_kzOLLHqMmXKkplkHH5g,https://international-surrogacy.com/blog/ukraine-surrogacy-cost-breakdown-2026,/blog/ukraine-surrogacy-cost-breakdown-2026,1.0,0.0,0.0
last_28_days,https://international-surrogacy.com/blog/ukraine-surrogacy-cost-breakdown-2026?fbclid=IwZXh0bgNhZW0CMTEAc3J0YwZhcHBfaWQMMjU2MjgxMDQwNTU4AAEeUOorJ3oHLwspxIVEtL63cpAyHROTrhnQDMKF6IrtzOyRm0wGUK367pEbbIk_aem_5xmAu1OSK9qsiF2gYClkpA,/blog/ukraine-surrogacy-cost-breakdown-2026?fbclid=IwZXh0bgNhZW0CMTEAc3J0YwZhcHBfaWQMMjU2MjgxMDQwNTU4AAEeUOorJ3oHLwspxIVEtL63cpAyHROTrhnQDMKF6IrtzOyRm0wGUK367pEbbIk_aem_5xmAu1OSK9qsiF2gYClkpA,https://international-surrogacy.com/blog/ukraine-surrogacy-cost-breakdown-2026,/blog/ukraine-surrogacy-cost-breakdown-2026,1.0,0.0,0.0
last_28_days,https://international-surrogacy.com/blog/ukraine-surrogacy-cost-breakdown-2026?fbclid=IwZXh0bgNhZW0CMTEAc3J0YwZhcHBfaWQMMjU2MjgxMDQwNTU4AAEecFutJiSvZKwvb75OwyrGNoYWMllY9ZIBSQ8URqB9I0Gr2XCkXSx9TtkksrA_aem_HnU5r8wZiLOKoWEOko4pEA,/blog/ukraine-surrogacy-cost-breakdown-2026?fbclid=IwZXh0bgNhZW0CMTEAc3J0YwZhcHBfaWQMMjU2MjgxMDQwNTU4AAEecFutJiSvZKwvb75OwyrGNoYWMllY9ZIBSQ8URqB9I0Gr2XCkXSx9TtkksrA_aem_HnU5r8wZiLOKoWEOko4pEA,https://international-surrogacy.com/blog/ukraine-surrogacy-cost-breakdown-2026,/blog/ukraine-surrogacy-cost-breakdown-2026,1.0,0.0,0.0
last_28_days,https://international-surrogacy.com/blog/ukraine-surrogacy-cost-breakdown-2026?fbclid=PAZXh0bgNhZW0CMTEAc3J0YwZhcHBfaWQPMTI0MDI0NTc0Mjg3NDE0AAGn6ReR3t-KvQzj72FnzjZ1sPdNeWEt_3PrgMOinBbnCXPBi19twrv7OryoDJg_aem_bQWczg_96FYICMSKW6HvxA,/blog/ukraine-surrogacy-cost-breakdown-2026?fbclid=PAZXh0bgNhZW0CMTEAc3J0YwZhcHBfaWQPMTI0MDI0NTc0Mjg3NDE0AAGn6ReR3t-KvQzj72FnzjZ1sPdNeWEt_3PrgMOinBbnCXPBi19twrv7OryoDJg_aem_bQWczg_96FYICMSKW6HvxA,https://international-surrogacy.com/blog/ukraine-surrogacy-cost-breakdown-2026,/blog/ukraine-surrogacy-cost-breakdown-2026,1.0,0.0,0.0
last_28_days,https://international-surrogacy.com/blog/ukraine-vs-georgia-surrogacy-exit-risks?fbclid=IwZXh0bgNhZW0CMTEAc3J0YwZhcHBfaWQKNjYyODU2ODM3OQABHgj4FjAnD2hqVnnSPMya64BMrLmjiLfSt93xioOJzGS60OUk0qkaI7f7J1Nn_aem_Nf8MNq5kVRCFu9-14ilNEg,/blog/ukraine-vs-georgia-surrogacy-exit-risks?fbclid=IwZXh0bgNhZW0CMTEAc3J0YwZhcHBfaWQKNjYyODU2ODM3OQABHgj4FjAnD2hqVnnSPMya64BMrLmjiLfSt93xioOJzGS60OUk0qkaI7f7J1Nn_aem_Nf8MNq5kVRCFu9-14ilNEg,https://international-surrogacy.com/blog/ukraine-vs-georgia-surrogacy-exit-risks,/blog/ukraine-vs-georgia-surrogacy-exit-risks,1.0,1.0,0.0
last_28_days,https://international-surrogacy.com/blog/ukraine-vs-georgia-surrogacy-exit-risks?fbclid=IwZXh0bgNhZW0CMTEAc3J0YwZhcHBfaWQKNjYyODU2ODM3OQABHgxjL0T-coAGbP1JoH33Fdjt9WTPib6OMMMCuDKnI1InefYgCJRIpoN3ToxE_aem_YZ3iOkuYhhu1y-0uwmrPOQ,/blog/ukraine-vs-georgia-surrogacy-exit-risks?fbclid=IwZXh0bgNhZW0CMTEAc3J0YwZhcHBfaWQKNjYyODU2ODM3OQABHgxjL0T-coAGbP1JoH33Fdjt9WTPib6OMMMCuDKnI1InefYgCJRIpoN3ToxE_aem_YZ3iOkuYhhu1y-0uwmrPOQ,https://international-surrogacy.com/blog/ukraine-vs-georgia-surrogacy-exit-risks,/blog/ukraine-vs-georgia-surrogacy-exit-risks,1.0,0.0,0.0
last_28_days,https://international-surrogacy.com/blog/ukraine-vs-georgia-surrogacy-exit-risks?fbclid=IwZXh0bgNhZW0CMTEAc3J0YwZhcHBfaWQMMjU2MjgxMDQwNTU4AAEeHi-uFsZtVs91TdxlbcCSNjvZeNpVQrsGsIshyHcfFmc-Qqy7MUpj5GOZvdw_aem_j1Xh3tFLBdYnQ3W5e6LsHQ,/blog/ukraine-vs-georgia-surrogacy-exit-risks?fbclid=IwZXh0bgNhZW0CMTEAc3J0YwZhcHBfaWQMMjU2MjgxMDQwNTU4AAEeHi-uFsZtVs91TdxlbcCSNjvZeNpVQrsGsIshyHcfFmc-Qqy7MUpj5GOZvdw_aem_j1Xh3tFLBdYnQ3W5e6LsHQ,https://international-surrogacy.com/blog/ukraine-vs-georgia-surrogacy-exit-risks,/blog/ukraine-vs-georgia-surrogacy-exit-risks,1.0,0.0,0.0
last_28_days,https://international-surrogacy.com/blog/ukraine-vs-georgia-surrogacy-exit-risks?fbclid=PAZXh0bgNhZW0CMTEAc3J0YwZhcHBfaWQPMTI0MDI0NTc0Mjg3NDE0AAGn3oDjFTN4-rTioSHaw9a610phOVadoLD_nQMQCcSDEzW-nQvGJbru94KfgfU_aem_oBEvTMFGECslGsDcQ3e3NA,/blog/ukraine-vs-georgia-surrogacy-exit-risks?fbclid=PAZXh0bgNhZW0CMTEAc3J0YwZhcHBfaWQPMTI0MDI0NTc0Mjg3NDE0AAGn3oDjFTN4-rTioSHaw9a610phOVadoLD_nQMQCcSDEzW-nQvGJbru94KfgfU_aem_oBEvTMFGECslGsDcQ3e3NA,https://international-surrogacy.com/blog/ukraine-vs-georgia-surrogacy-exit-risks,/blog/ukraine-vs-georgia-surrogacy-exit-risks,1.0,0.0,0.0
last_28_days,https://international-surrogacy.com/blog/ukraine-vs-georgia-surrogacy-exit-risks?fbclid=PAZXh0bgNhZW0CMTEAc3J0YwZhcHBfaWQPMTI0MDI0NTc0Mjg3NDE0AAGn4ONyv5eEzzMX0cPgJ5fDHzdUPCyiyGGu66cmytwlcA4dxZ0JDt6XBEW3c5k_aem_b8PhNZQFvQo0jqtwK0Zp-Q,/blog/ukraine-vs-georgia-surrogacy-exit-risks?fbclid=PAZXh0bgNhZW0CMTEAc3J0YwZhcHBfaWQPMTI0MDI0NTc0Mjg3NDE0AAGn4ONyv5eEzzMX0cPgJ5fDHzdUPCyiyGGu66cmytwlcA4dxZ0JDt6XBEW3c5k_aem_b8PhNZQFvQo0jqtwK0Zp-Q,https://international-surrogacy.com/blog/ukraine-vs-georgia-surrogacy-exit-risks,/blog/ukraine-vs-georgia-surrogacy-exit-risks,1.0,0.0,0.0
last_28_days,https://international-surrogacy.com/blog/ukraine-vs-georgia-surrogacy-exit-risks?fbclid=PAZXh0bgNhZW0CMTEAc3J0YwZhcHBfaWQPNTY3MDY3MzQzMzUyNDI3AAGn-bg9b7r1AV-jhPLvyoDJX1W86NdiB2yyB3lpD4tNXAAtqsOtlxx1Gcf0mg8_aem_EuNkV9l9-h4804OfkWdoQQ,/blog/ukraine-vs-georgia-surrogacy-exit-risks?fbclid=PAZXh0bgNhZW0CMTEAc3J0YwZhcHBfaWQPNTY3MDY3MzQzMzUyNDI3AAGn-bg9b7r1AV-jhPLvyoDJX1W86NdiB2yyB3lpD4tNXAAtqsOtlxx1Gcf0mg8_aem_EuNkV9l9-h4804OfkWdoQQ,https://international-surrogacy.com/blog/ukraine-vs-georgia-surrogacy-exit-risks,/blog/ukraine-vs-georgia-surrogacy-exit-risks,1.0,0.0,0.0
last_28_days,https://international-surrogacy.com/blog/ukrainian-surrogacy-avoiding-fraud,/blog/ukrainian-surrogacy-avoiding-fraud,https://international-surrogacy.com/blog/ukrainian-surrogacy-avoiding-fraud,/blog/ukrainian-surrogacy-avoiding-fraud,1.0,1.0,0.0
last_28_days,https://international-surrogacy.com/blog/ultimate-solution-faq,/blog/ultimate-solution-faq,https://international-surrogacy.com/blog/ultimate-solution-faq,/blog/ultimate-solution-faq,1.0,0.0,0.0
last_28_days,https://international-surrogacy.com/blog/understand-success-rates,/blog/understand-success-rates,https://international-surrogacy.com/blog/understand-success-rates,/blog/understand-success-rates,1.0,0.0,0.0
last_28_days,https://international-surrogacy.com/blog/understanding-gestational-surrogacy,/blog/understanding-gestational-surrogacy,https://international-surrogacy.com/blog/understanding-gestational-surrogacy,/blog/understanding-gestational-surrogacy,1.0,0.0,0.0
last_28_days,https://international-surrogacy.com/blog/what-is-a-surrogate,/blog/what-is-a-surrogate,https://international-surrogacy.com/blog/what-is-a-surrogate,/blog/what-is-a-surrogate,1.0,1.0,0.0
last_28_days,https://international-surrogacy.com/blog/what-is-sperm-washing,/blog/what-is-sperm-washing,https://international-surrogacy.com/blog/what-is-sperm-washing,/blog/what-is-sperm-washing,1.0,1.0,0.0
last_28_days,https://international-surrogacy.com/blog/what-sets-us-apart-surrogate-care?fbclid=IwZXh0bgNhZW0CMTEAc3J0YwZhcHBfaWQMMjU2MjgxMDQwNTU4AAEe-BqcMMrGS_RGC6rfl-sjGfvdaU-EPIRLo6TTheRioMdTcbvwtibANG3s-yk_aem_XR3loOZ7y6PrfhYrmUFFBQ,/blog/what-sets-us-apart-surrogate-care?fbclid=IwZXh0bgNhZW0CMTEAc3J0YwZhcHBfaWQMMjU2MjgxMDQwNTU4AAEe-BqcMMrGS_RGC6rfl-sjGfvdaU-EPIRLo6TTheRioMdTcbvwtibANG3s-yk_aem_XR3loOZ7y6PrfhYrmUFFBQ,https://international-surrogacy.com/blog/what-sets-us-apart-surrogate-care,/blog/what-sets-us-apart-surrogate-care,1.0,0.0,0.0
last_28_days,https://international-surrogacy.com/blog/what-sets-us-apart-surrogate-care?fbclid=IwZXh0bgNhZW0CMTEAc3J0YwZhcHBfaWQMMjU2MjgxMDQwNTU4AAEe6YledLTknLVWXRiFaXfepjzMFa69c5txqxWgv28WFJn0J40fnYDxzwXkhnM_aem__oYkWZQqk70ZVo-XsLWGTw,/blog/what-sets-us-apart-surrogate-care?fbclid=IwZXh0bgNhZW0CMTEAc3J0YwZhcHBfaWQMMjU2MjgxMDQwNTU4AAEe6YledLTknLVWXRiFaXfepjzMFa69c5txqxWgv28WFJn0J40fnYDxzwXkhnM_aem__oYkWZQqk70ZVo-XsLWGTw,https://international-surrogacy.com/blog/what-sets-us-apart-surrogate-care,/blog/what-sets-us-apart-surrogate-care,1.0,0.0,0.0
last_28_days,https://international-surrogacy.com/blog/what-sets-us-apart-surrogate-care?fbclid=IwZXh0bgNhZW0CMTEAc3J0YwZhcHBfaWQPMTczODQ3NjQyNjcwMzcwAAEezWkurmrw-inXZ1xkuhGXnnz4eVqIeW3M7vmf3b7rREARyaCoE3NXxSvyMt4_aem_pgBuE7PPZa-WMyfZgT7HgA,/blog/what-sets-us-apart-surrogate-care?fbclid=IwZXh0bgNhZW0CMTEAc3J0YwZhcHBfaWQPMTczODQ3NjQyNjcwMzcwAAEezWkurmrw-inXZ1xkuhGXnnz4eVqIeW3M7vmf3b7rREARyaCoE3NXxSvyMt4_aem_pgBuE7PPZa-WMyfZgT7HgA,https://international-surrogacy.com/blog/what-sets-us-apart-surrogate-care,/blog/what-sets-us-apart-surrogate-care,1.0,1.0,0.0
last_28_days,https://international-surrogacy.com/blog/when-to-stop-ivf-and-consider-surrogacy?fbclid=IwZXh0bgNhZW0CMTEAc3J0YwZhcHBfaWQMMjU2MjgxMDQwNTU4AAEeAo6e7supCYa-YOhCY0IhQvyTBx5vP6YBZc2zs6ZNf71jDM7g7E06HQc5xl0_aem_5NaoQZzPGxt0VbWO7P3Dzw,/blog/when-to-stop-ivf-and-consider-surrogacy?fbclid=IwZXh0bgNhZW0CMTEAc3J0YwZhcHBfaWQMMjU2MjgxMDQwNTU4AAEeAo6e7supCYa-YOhCY0IhQvyTBx5vP6YBZc2zs6ZNf71jDM7g7E06HQc5xl0_aem_5NaoQZzPGxt0VbWO7P3Dzw,https://international-surrogacy.com/blog/when-to-stop-ivf-and-consider-surrogacy,/blog/when-to-stop-ivf-and-consider-surrogacy,1.0,0.0,0.0
last_28_days,https://international-surrogacy.com/blog/when-to-stop-ivf-and-consider-surrogacy?fbclid=IwZXh0bgNhZW0CMTEAc3J0YwZhcHBfaWQMMjU2MjgxMDQwNTU4AAEeBPM36v7Mg0pjp-dgg1VLHbMT4pYy6fObtx98RGVX3W-ae6nPEu4QQfxeCsM_aem_01bafByxMBhH1GLUJGsQjA,/blog/when-to-stop-ivf-and-consider-surrogacy?fbclid=IwZXh0bgNhZW0CMTEAc3J0YwZhcHBfaWQMMjU2MjgxMDQwNTU4AAEeBPM36v7Mg0pjp-dgg1VLHbMT4pYy6fObtx98RGVX3W-ae6nPEu4QQfxeCsM_aem_01bafByxMBhH1GLUJGsQjA,https://international-surrogacy.com/blog/when-to-stop-ivf-and-consider-surrogacy,/blog/when-to-stop-ivf-and-consider-surrogacy,1.0,0.0,0.0
last_28_days,https://international-surrogacy.com/blog/when-to-stop-ivf-and-consider-surrogacy?fbclid=IwZXh0bgNhZW0CMTEAc3J0YwZhcHBfaWQMMjU2MjgxMDQwNTU4AAEeTyMFLmJHOHsq3plMknhCGpdCkRRU1ZcfPJkuA2SJZhGX5ZElW3uXbYr6S_M_aem_qCZ_SizoJHY9Vu_3YdKDgg,/blog/when-to-stop-ivf-and-consider-surrogacy?fbclid=IwZXh0bgNhZW0CMTEAc3J0YwZhcHBfaWQMMjU2MjgxMDQwNTU4AAEeTyMFLmJHOHsq3plMknhCGpdCkRRU1ZcfPJkuA2SJZhGX5ZElW3uXbYr6S_M_aem_qCZ_SizoJHY9Vu_3YdKDgg,https://international-surrogacy.com/blog/when-to-stop-ivf-and-consider-surrogacy,/blog/when-to-stop-ivf-and-consider-surrogacy,1.0,0.0,0.0
last_28_days,https://international-surrogacy.com/blog/where-are-surrogates-located,/blog/where-are-surrogates-located,https://international-surrogacy.com/blog/where-are-surrogates-located,/blog/where-are-surrogates-located,1.0,0.0,0.0
last_28_days,https://international-surrogacy.com/blog/who-can-legally-do-surrogacy-in-ukraine,/blog/who-can-legally-do-surrogacy-in-ukraine,https://international-surrogacy.com/blog/who-can-legally-do-surrogacy-in-ukraine,/blog/who-can-legally-do-surrogacy-in-ukraine,1.0,0.0,0.0
last_28_days,https://international-surrogacy.com/blog/zach-giford-and-kiele-sanchez,/blog/zach-giford-and-kiele-sanchez,https://international-surrogacy.com/blog/zach-giford-and-kiele-sanchez,/blog/zach-giford-and-kiele-sanchez,1.0,0.0,0.0
last_28_days,https://international-surrogacy.com/blog?start=144,/blog?start=144,https://international-surrogacy.com/blog,/blog,1.0,0.0,0.0
last_28_days,https://international-surrogacy.com/blog?start=153,/blog?start=153,https://international-surrogacy.com/blog,/blog,1.0,0.0,0.0
last_28_days,https://international-surrogacy.com/blog?start=270,/blog?start=270,https://international-surrogacy.com/blog,/blog,1.0,1.0,0.0
last_28_days,https://international-surrogacy.com/blog?start=279,/blog?start=279,https://international-surrogacy.com/blog,/blog,1.0,0.0,0.0
last_28_days,https://international-surrogacy.com/blog?start=405,/blog?start=405,https://international-surrogacy.com/blog,/blog,1.0,0.0,0.0
last_28_days,https://international-surrogacy.com/blog?start=459,/blog?start=459,https://international-surrogacy.com/blog,/blog,1.0,0.0,0.0
last_28_days,https://international-surrogacy.com/buy-book-now,/buy-book-now,https://international-surrogacy.com/buy-book-now,/buy-book-now,1.0,0.0,0.0
last_28_days,https://international-surrogacy.com/deutsch?fbclid=IwZXh0bgNhZW0CMTEAc3J0YwZhcHBfaWQMMjU2MjgxMDQwNTU4AAEe0gqMAvQ0gkogBHIwrgcguWtQzVIZ6UgUJOUyCATi6vslNk6S_JZ94_s1Bjw_aem_T8ujZQ4oovPKuCI8ibl3YQ,/deutsch?fbclid=IwZXh0bgNhZW0CMTEAc3J0YwZhcHBfaWQMMjU2MjgxMDQwNTU4AAEe0gqMAvQ0gkogBHIwrgcguWtQzVIZ6UgUJOUyCATi6vslNk6S_JZ94_s1Bjw_aem_T8ujZQ4oovPKuCI8ibl3YQ,https://international-surrogacy.com/deutsch,/deutsch,1.0,0.0,0.0
last_28_days,https://international-surrogacy.com/deutsch?fbclid=IwZXh0bgNhZW0CMTEAc3J0YwZhcHBfaWQMMjU2MjgxMDQwNTU4AAEe0rlUcawvpKh3qR8PEkfjhnELkSKT5c0WnDyl4Vn7QywSLee8g9nVBLHH4es_aem_wVWTJIjLwh4kW8OP-qjOgw,/deutsch?fbclid=IwZXh0bgNhZW0CMTEAc3J0YwZhcHBfaWQMMjU2MjgxMDQwNTU4AAEe0rlUcawvpKh3qR8PEkfjhnELkSKT5c0WnDyl4Vn7QywSLee8g9nVBLHH4es_aem_wVWTJIjLwh4kW8OP-qjOgw,https://international-surrogacy.com/deutsch,/deutsch,1.0,1.0,0.0
last_28_days,https://international-surrogacy.com/deutsch?fbclid=IwZXh0bgNhZW0CMTEAc3J0YwZhcHBfaWQMMjU2MjgxMDQwNTU4AAEe2do9d859ac4i6-Dug9OLoskAq4rxPgDJRKHT4dMqnCM0wBz9pgGnpwL00h8_aem_J-Pxc2XIlE5ww-fw32MYmw,/deutsch?fbclid=IwZXh0bgNhZW0CMTEAc3J0YwZhcHBfaWQMMjU2MjgxMDQwNTU4AAEe2do9d859ac4i6-Dug9OLoskAq4rxPgDJRKHT4dMqnCM0wBz9pgGnpwL00h8_aem_J-Pxc2XIlE5ww-fw32MYmw,https://international-surrogacy.com/deutsch,/deutsch,1.0,1.0,0.0
last_28_days,https://international-surrogacy.com/deutsch?fbclid=IwZXh0bgNhZW0CMTEAc3J0YwZhcHBfaWQMMjU2MjgxMDQwNTU4AAEe3GndP9u6lUkJ9ANge4yiN8dR9rbSG43l1tilctS0mYbsp_NvivuL0sEwD_8_aem_c-edzQigICF10d4BNDbmKQ,/deutsch?fbclid=IwZXh0bgNhZW0CMTEAc3J0YwZhcHBfaWQMMjU2MjgxMDQwNTU4AAEe3GndP9u6lUkJ9ANge4yiN8dR9rbSG43l1tilctS0mYbsp_NvivuL0sEwD_8_aem_c-edzQigICF10d4BNDbmKQ,https://international-surrogacy.com/deutsch,/deutsch,1.0,0.0,0.0
last_28_days,https://international-surrogacy.com/deutsch?fbclid=IwZXh0bgNhZW0CMTEAc3J0YwZhcHBfaWQMMjU2MjgxMDQwNTU4AAEe4vtI6vNRxND-AVtCYWv-NbhqY7Mz8JwbxGwTFEAlUbMIxPc-Rlr_QmUA-V0_aem_ZDXGvZoxZeaSHrqs5gO7tA,/deutsch?fbclid=IwZXh0bgNhZW0CMTEAc3J0YwZhcHBfaWQMMjU2MjgxMDQwNTU4AAEe4vtI6vNRxND-AVtCYWv-NbhqY7Mz8JwbxGwTFEAlUbMIxPc-Rlr_QmUA-V0_aem_ZDXGvZoxZeaSHrqs5gO7tA,https://international-surrogacy.com/deutsch,/deutsch,1.0,1.0,0.0
last_28_days,https://international-surrogacy.com/deutsch?fbclid=IwZXh0bgNhZW0CMTEAc3J0YwZhcHBfaWQMMjU2MjgxMDQwNTU4AAEe8dgmWnLdAMxlOs8s1vMxoyY8TPbQRA4l8VwclmfjWhysQ6TH6WQY-SvgDfw_aem_BL-0xMIS2FqfAVGk5aQ2xQ,/deutsch?fbclid=IwZXh0bgNhZW0CMTEAc3J0YwZhcHBfaWQMMjU2MjgxMDQwNTU4AAEe8dgmWnLdAMxlOs8s1vMxoyY8TPbQRA4l8VwclmfjWhysQ6TH6WQY-SvgDfw_aem_BL-0xMIS2FqfAVGk5aQ2xQ,https://international-surrogacy.com/deutsch,/deutsch,1.0,0.0,0.0
last_28_days,https://international-surrogacy.com/deutsch?fbclid=IwZXh0bgNhZW0CMTEAc3J0YwZhcHBfaWQMMjU2MjgxMDQwNTU4AAEeNZdxJsxyH270KOekgwikKU69-5XiDJpb0qO1-QN2_K7ZuRERTmqo2tLBubs_aem_IyGN7ZLz4p_B161bISS2Uw,/deutsch?fbclid=IwZXh0bgNhZW0CMTEAc3J0YwZhcHBfaWQMMjU2MjgxMDQwNTU4AAEeNZdxJsxyH270KOekgwikKU69-5XiDJpb0qO1-QN2_K7ZuRERTmqo2tLBubs_aem_IyGN7ZLz4p_B161bISS2Uw,https://international-surrogacy.com/deutsch,/deutsch,1.0,1.0,0.0
last_28_days,https://international-surrogacy.com/deutsch?fbclid=IwZXh0bgNhZW0CMTEAc3J0YwZhcHBfaWQMMjU2MjgxMDQwNTU4AAEeRtGSI7F1u1-d8EPA-DW94q8S1IZrPBEliji-AfIteWycxV3Uuc4B96sC7hs_aem_FWV21TOoyP_cf8UNNvSkCQ,/deutsch?fbclid=IwZXh0bgNhZW0CMTEAc3J0YwZhcHBfaWQMMjU2MjgxMDQwNTU4AAEeRtGSI7F1u1-d8EPA-DW94q8S1IZrPBEliji-AfIteWycxV3Uuc4B96sC7hs_aem_FWV21TOoyP_cf8UNNvSkCQ,https://international-surrogacy.com/deutsch,/deutsch,1.0,0.0,0.0
last_28_days,https://international-surrogacy.com/deutsch?fbclid=IwZXh0bgNhZW0CMTEAc3J0YwZhcHBfaWQMMjU2MjgxMDQwNTU4AAEeSkN-0zxFF_6IgiwtzGzktqF7-b0UGNDCzHmgX7fVtCUqA4uDdqwVRdBsMkc_aem_akFXygLk1Y0IeCIqteo7kQ,/deutsch?fbclid=IwZXh0bgNhZW0CMTEAc3J0YwZhcHBfaWQMMjU2MjgxMDQwNTU4AAEeSkN-0zxFF_6IgiwtzGzktqF7-b0UGNDCzHmgX7fVtCUqA4uDdqwVRdBsMkc_aem_akFXygLk1Y0IeCIqteo7kQ,https://international-surrogacy.com/deutsch,/deutsch,1.0,1.0,0.0
last_28_days,https://international-surrogacy.com/deutsch?fbclid=IwZXh0bgNhZW0CMTEAc3J0YwZhcHBfaWQMMjU2MjgxMDQwNTU4AAEeTxAoddr2DU8tW4CV2O54o1aIgw2LQ-GktyHRnU0RcWkQ9a5Vod-KHVQGhxs_aem_Xi-rnhSckvrzk8nXQcAefg,/deutsch?fbclid=IwZXh0bgNhZW0CMTEAc3J0YwZhcHBfaWQMMjU2MjgxMDQwNTU4AAEeTxAoddr2DU8tW4CV2O54o1aIgw2LQ-GktyHRnU0RcWkQ9a5Vod-KHVQGhxs_aem_Xi-rnhSckvrzk8nXQcAefg,https://international-surrogacy.com/deutsch,/deutsch,1.0,0.0,0.0
last_28_days,https://international-surrogacy.com/deutsch?fbclid=IwZXh0bgNhZW0CMTEAc3J0YwZhcHBfaWQMMjU2MjgxMDQwNTU4AAEeavqDI3HLGVoSQmJI4-kjlpe1mVZA2r6Z9XlyO2JaX6U5obQNR3xQeVbWlxE_aem_UMxdF_znbxnEGaN6wmyzSA,/deutsch?fbclid=IwZXh0bgNhZW0CMTEAc3J0YwZhcHBfaWQMMjU2MjgxMDQwNTU4AAEeavqDI3HLGVoSQmJI4-kjlpe1mVZA2r6Z9XlyO2JaX6U5obQNR3xQeVbWlxE_aem_UMxdF_znbxnEGaN6wmyzSA,https://international-surrogacy.com/deutsch,/deutsch,1.0,0.0,0.0
last_28_days,https://international-surrogacy.com/deutsch?fbclid=IwZXh0bgNhZW0CMTEAc3J0YwZhcHBfaWQMMjU2MjgxMDQwNTU4AAEeb3ImRTJADAZgqO3URXauaNOBa7cAN3cUuFZ61kaXVTu-LKCaSH2io38WsMU_aem_ps4DF7tBUetUsUB6UCEA2w,/deutsch?fbclid=IwZXh0bgNhZW0CMTEAc3J0YwZhcHBfaWQMMjU2MjgxMDQwNTU4AAEeb3ImRTJADAZgqO3URXauaNOBa7cAN3cUuFZ61kaXVTu-LKCaSH2io38WsMU_aem_ps4DF7tBUetUsUB6UCEA2w,https://international-surrogacy.com/deutsch,/deutsch,1.0,0.0,0.0
last_28_days,https://international-surrogacy.com/deutsch?fbclid=IwZXh0bgNhZW0CMTEAc3J0YwZhcHBfaWQMMjU2MjgxMDQwNTU4AAEegqyJfNEkNqFlnXkpHtky20Bp6ejSwHVZCtKzr78Btw8Hq0UH-Q8G4D4Phs8_aem_8YCzWpfvdOOwJQp01N78hQ,/deutsch?fbclid=IwZXh0bgNhZW0CMTEAc3J0YwZhcHBfaWQMMjU2MjgxMDQwNTU4AAEegqyJfNEkNqFlnXkpHtky20Bp6ejSwHVZCtKzr78Btw8Hq0UH-Q8G4D4Phs8_aem_8YCzWpfvdOOwJQp01N78hQ,https://international-surrogacy.com/deutsch,/deutsch,1.0,0.0,0.0
last_28_days,https://international-surrogacy.com/deutsch?fbclid=IwZXh0bgNhZW0CMTEAc3J0YwZhcHBfaWQMMjU2MjgxMDQwNTU4AAEeiqp5ShgJaO8BkijghRtBWbaPOSxSm3vUV59NKdMKrS7R0p8CsvJzuV2N6bk_aem_shCaq-QQQEDxoEMpZtu_MQ,/deutsch?fbclid=IwZXh0bgNhZW0CMTEAc3J0YwZhcHBfaWQMMjU2MjgxMDQwNTU4AAEeiqp5ShgJaO8BkijghRtBWbaPOSxSm3vUV59NKdMKrS7R0p8CsvJzuV2N6bk_aem_shCaq-QQQEDxoEMpZtu_MQ,https://international-surrogacy.com/deutsch,/deutsch,1.0,1.0,0.0
last_28_days,https://international-surrogacy.com/deutsch?fbclid=IwZXh0bgNhZW0CMTEAc3J0YwZhcHBfaWQMMjU2MjgxMDQwNTU4AAEejJ0BKj8_KjqxyYd9m4PID0Nh4JUfS4v8HssxZeAbpBEgaoDfR88WwZwup9A_aem_irnJZOPTrVmeXqWi_vUFFg,/deutsch?fbclid=IwZXh0bgNhZW0CMTEAc3J0YwZhcHBfaWQMMjU2MjgxMDQwNTU4AAEejJ0BKj8_KjqxyYd9m4PID0Nh4JUfS4v8HssxZeAbpBEgaoDfR88WwZwup9A_aem_irnJZOPTrVmeXqWi_vUFFg,https://international-surrogacy.com/deutsch,/deutsch,1.0,0.0,0.0
last_28_days,https://international-surrogacy.com/deutsch?fbclid=IwZXh0bgNhZW0CMTEAc3J0YwZhcHBfaWQMMjU2MjgxMDQwNTU4AAEemR8F9NaBTqRrS5OZJcTYDJJBYTVk19hVcQBcfxCr6am_1IQEU07fYsbHt9w_aem_VTQ449SjHnbYVqCgBZu6SQ,/deutsch?fbclid=IwZXh0bgNhZW0CMTEAc3J0YwZhcHBfaWQMMjU2MjgxMDQwNTU4AAEemR8F9NaBTqRrS5OZJcTYDJJBYTVk19hVcQBcfxCr6am_1IQEU07fYsbHt9w_aem_VTQ449SjHnbYVqCgBZu6SQ,https://international-surrogacy.com/deutsch,/deutsch,1.0,0.0,0.0
last_28_days,https://international-surrogacy.com/deutsch?fbclid=IwZXh0bgNhZW0CMTEAc3J0YwZhcHBfaWQMMjU2MjgxMDQwNTU4AAEexvD7wS1bkCsmsjk9O8ObPeneFoX0hiu8sllSPzp_SvuAN8vsRjWnQ1Rp6Yc_aem_I8JLkKxY5jxi2sW8PxsGdg,/deutsch?fbclid=IwZXh0bgNhZW0CMTEAc3J0YwZhcHBfaWQMMjU2MjgxMDQwNTU4AAEexvD7wS1bkCsmsjk9O8ObPeneFoX0hiu8sllSPzp_SvuAN8vsRjWnQ1Rp6Yc_aem_I8JLkKxY5jxi2sW8PxsGdg,https://international-surrogacy.com/deutsch,/deutsch,1.0,1.0,0.0
last_28_days,https://international-surrogacy.com/deutsch?fbclid=IwZXh0bgNhZW0CMTEAc3J0YwZhcHBfaWQMMjU2MjgxMDQwNTU4AAEeyyZNtXXrCFI0OFSaLI96KNyAC_BEzcFzaUA2Ux1ZYHjotP310Vcdu7OjHzw_aem_AI8ORCOtY2_WWnyIwRddsA,/deutsch?fbclid=IwZXh0bgNhZW0CMTEAc3J0YwZhcHBfaWQMMjU2MjgxMDQwNTU4AAEeyyZNtXXrCFI0OFSaLI96KNyAC_BEzcFzaUA2Ux1ZYHjotP310Vcdu7OjHzw_aem_AI8ORCOtY2_WWnyIwRddsA,https://international-surrogacy.com/deutsch,/deutsch,1.0,0.0,0.0
last_28_days,https://international-surrogacy.com/egg-freezing,/egg-freezing,https://international-surrogacy.com/egg-freezing,/egg-freezing,1.0,0.0,0.0
last_28_days,https://international-surrogacy.com/free-book-thank-you,/free-book-thank-you,https://international-surrogacy.com/free-book-thank-you,/free-book-thank-you,1.0,0.0,0.0
last_28_days,https://international-surrogacy.com/our-mission,/our-mission,https://international-surrogacy.com/our-mission,/our-mission,1.0,1.0,0.0
last_28_days,https://international-surrogacy.com/render?id=GTM-5XT2FTHJ,/render?id=GTM-5XT2FTHJ,https://international-surrogacy.com/render,/render,1.0,0.0,0.0
last_28_days,https://international-surrogacy.com/success-stories/surrogate-s-testimonials,/success-stories/surrogate-s-testimonials,https://international-surrogacy.com/success-stories/surrogate-s-testimonials,/success-stories/surrogate-s-testimonials,1.0,0.0,0.0
last_28_days,https://international-surrogacy.com/surrogacy-articles?start=35,/surrogacy-articles?start=35,https://international-surrogacy.com/surrogacy-articles,/surrogacy-articles,1.0,0.0,0.0
last_28_days,https://international-surrogacy.com/surrogacy-in-lviv?vgo_ee=mXwijWT6VOlD5Lb48P2MKvHNZCpDBOD%2BCKKNNuS54WVpVvoCJPQ%3D%3Am7eO4mdsx4VGwtH1bxZg%2Ft0kNyZ%2FP1Qc,/surrogacy-in-lviv?vgo_ee=mXwijWT6VOlD5Lb48P2MKvHNZCpDBOD%2BCKKNNuS54WVpVvoCJPQ%3D%3Am7eO4mdsx4VGwtH1bxZg%2Ft0kNyZ%2FP1Qc,https://international-surrogacy.com/surrogacy-in-lviv,/surrogacy-in-lviv,1.0,1.0,0.0
last_28_days,https://international-surrogacy.com/surrogate-and-ivf-programs-for-irish-couples,/surrogate-and-ivf-programs-for-irish-couples,https://international-surrogacy.com/surrogate-and-ivf-programs-for-irish-couples,/surrogate-and-ivf-programs-for-irish-couples,1.0,0.0,0.0
last_28_days,https://international-surrogacy.com/test-page-1,/test-page-1,https://international-surrogacy.com/test-page-1,/test-page-1,1.0,0.0,0.0
last_28_days,https://international-surrogacy.com/thank-you-main,/thank-you-main,https://international-surrogacy.com/thank-you-main,/thank-you-main,1.0,1.0,0.0
last_28_days,https://international-surrogacy.com/why-choose-delivering-dreams,/why-choose-delivering-dreams,https://international-surrogacy.com/why-choose-delivering-dreams,/why-choose-delivering-dreams,1.0,0.0,0.0
last_28_days,https://international-surrogacy.com/why-choose-delivering-dreams-lgbt-short,/why-choose-delivering-dreams-lgbt-short,https://international-surrogacy.com/why-choose-delivering-dreams-lgbt-short,/why-choose-delivering-dreams-lgbt-short,1.0,0.0,0.0
